"shape","expt","date","hive","tab","isRandom","angle00","angle01","angle10","angle11","angle20","angle21","angle0","angle1","angle2","angleSum","r","seg","degrees","hiveseg","tabseg","tabinstance","tabinstanceRnd"
7," 090A1","09/07/2020","B",1,0,0.519146,3.40219,0,0,0,0,3.40014,0,0,3.40014,"E","090A1E",194.813671753612,"BE","1E","090A11","090A11E"
7," 090A1","09/07/2020","B",1,0,5.54124,2.31622,0,0,0,0,3.22502,0,0,3.22502,"E","090A1E",184.780034845281,"BE","1E","090A11","090A11E"
7," 090A1","09/07/2020","B",1,1,2.35619,1.38545,1.05165,0.380506,6.21662,5.75511,0.970746,0.671144,0.461506,2.1034,"R","090A1R",120.515942627817,"BR","1R","090A11","090A11R"
7," 090A1","09/07/2020","B",1,1,1.68791,1.45369,0.343024,0,0,0,0.234218,0.343024,0,0.577241,"R","090A1R",33.0734730619112,"BR","1R","090A11","090A11R"
7," 090A1","09/07/2020","B",1,1,1.50838,1.13417,5.90268,5.31793,2.60117,2.20355,0.374208,0.584745,0.397628,1.35658,"R","090A1R",77.7263085718572,"BR","1R","090A11","090A11R"
7," 091A1","09/07/2020","A",1,0,4.77114,1.62955,0,0,0,0,3.14159,0,0,3.14159,"E","091A1E",179.999847960504,"AE","1E","091A11","091A11E"
7," 091A1","09/07/2020","A",1,0,3.07502,1.31019,0.999459,5.94016,0,0,1.76483,1.34248,0,3.10731,"E","091A1E",178.035748638796,"AE","1E","091A11","091A11E"
7," 091A1","09/07/2020","A",1,0,3.42764,2.52134,1.98321,0.785398,0,0,0.906301,1.19781,0,2.10411,"E","091A1E",120.556622631272,"AE","1E","091A11","091A11E"
7," 091A1","09/07/2020","A",1,0,5.81954,3.42764,0,0,0,0,2.39189,0,0,2.39189,"E","091A1E",137.045202059546,"AE","1E","091A11","091A11E"
7," 091A1","09/07/2020","A",1,0,0.519146,6.21662,4.1101,2.52134,0,0,0.585714,1.58876,0,2.17447,"E","091A1E",124.587953677812,"AE","1E","091A11","091A11E"
7," 091A1","09/07/2020","A",1,0,1.98321,1.76819,0.218669,3.42764,0,0,0.215015,3.07421,0,3.28923,"E","091A1E",188.458996847816,"AE","1E","091A11","091A11E"
7," 091A1","09/07/2020","A",1,0,2.57026,1.62955,0.737815,5.07116,0,0,0.940703,1.94984,0,2.89054,"E","091A1E",165.615742513745,"AE","1E","091A11","091A11E"
7," 091A1","09/07/2020","A",1,0,4.86899,2.14213,0,0,0,0,2.72686,0,0,2.72686,"E","091A1E",156.237569323044,"AE","1E","091A11","091A11E"
7," 091A1","09/07/2020","A",1,0,0.665969,5.45434,3.48462,3.01724,0,0,1.49482,0.467379,0,1.9622,"E","091A1E",112.42577856057,"AE","1E","091A11","091A11E"
7," 091A1","09/07/2020","A",1,1,5.71185,5.42648,4.71239,4.42634,1.5708,1.22777,0.285368,0.286051,0.343024,0.914443,"R","091A1R",52.3937245052815,"AR","1R","091A11","091A11R"
7," 091A1","09/07/2020","A",1,1,0,5.31793,2.70918,1.50838,0,0,0.965252,1.20081,0,2.16606,"R","091A1R",124.106096172107,"AR","1R","091A11","091A11R"
7," 091A1","09/07/2020","A",1,1,1.76819,1.44644,6.05209,5.20235,3.20401,2.88099,0.321751,0.849748,0.323021,1.49452,"R","091A1R",85.6296883978918,"AR","1R","091A11","091A11R"
7," 091A1","09/07/2020","A",1,1,0.828849,0.489957,5.76404,5.30039,4.42634,3.74714,0.338892,0.463647,0.6792,1.48174,"R","091A1R",84.8974483357146,"AR","1R","091A11","091A11R"
7," 091A1","09/07/2020","A",1,1,1.05165,0.702257,5.45781,5.1248,4.17197,3.69325,0.349393,0.333009,0.478722,1.16112,"R","091A1R",66.5272755082301,"AR","1R","091A11","091A11R"
7," 091A1","09/07/2020","A",1,1,0.785398,0.321751,4.52704,4.24874,2.70497,2.35619,0.463648,0.278299,0.348771,1.09072,"R","091A1R",62.4936526305091,"AR","1R","091A11","091A11R"
7," 091A1","09/07/2020","A",1,1,1.5708,1.19029,5.61722,5.33264,4.04642,3.83633,0.380506,0.284578,0.210089,0.875173,"R","091A1R",50.1437192438028,"AR","1R","091A11","091A11R"
7," 091A1","09/07/2020","A",1,1,6.21188,5.53777,3.96401,3.87941,2.11122,1.68791,0.674112,0.0846033,0.423311,1.18203,"R","091A1R",67.7253302578487,"AR","1R","091A11","091A11R"
7," 091A1","09/07/2020","A",1,1,0.605545,5.62749,4.51499,4.10684,3.554,3.32694,1.26124,0.408149,0.227062,1.89645,"R","091A1R",108.658581057585,"AR","1R","091A11","091A11R"
7," 091A1","09/07/2020","A",1,1,0.62025,0.110657,4.77481,4.22243,2.4859,2.03444,0.509592,0.552376,0.451453,1.51342,"R","091A1R",86.712578630689,"AR","1R","091A11","091A11R"
7," 093A1","11/07/2020","B",1,0,2.08319,6.15883,5.20235,4.71239,3.44448,2.85554,2.20754,0.489957,0.588936,3.28643,"E","093A1E",188.298568665179,"BE","1E","093A11","093A11E"
7," 093A1","11/07/2020","B",1,0,2.26553,5.58845,0,0,0,0,2.96027,0,0,2.96027,"E","093A1E",169.610977219192,"BE","1E","093A11","093A11E"
7," 093A1","11/07/2020","B",1,0,0.54042,0.286051,5.53777,3.14159,0,0,0.254368,2.39617,0,2.65054,"E","093A1E",151.864755430605,"BE","1E","093A11","093A11E"
7," 093A1","11/07/2020","B",1,0,2.57026,5.58845,0,0,0,0,3.26499,0,0,3.26499,"E","093A1E",187.070147152419,"BE","1E","093A11","093A11E"
7," 093A1","11/07/2020","B",1,0,0.868539,0.571337,5.94389,3.20035,0,0,0.297202,2.74354,0,3.04075,"E","093A1E",174.222141554405,"BE","1E","093A11","093A11E"
7," 093A1","11/07/2020","B",1,0,1.26791,1.08084,0,6.03821,4.94348,3.63155,0.187072,0.244979,1.31193,1.74398,"E","093A1E",99.9226935552253,"BE","1E","093A11","093A11E"
7," 093A1","11/07/2020","B",1,0,2.08994,1.5708,0.915101,0.605545,5.61722,4.77114,0.519146,0.309556,0.846071,1.67477,"E","093A1E",95.9572526551249,"BE","1E","093A11","093A11E"
7," 093A1","11/07/2020","B",1,0,0.321751,5.45781,2.95624,2.31274,0,0,1.14713,0.643501,0,1.79063,"E","093A1E",102.595541669511,"BE","1E","093A11","093A11E"
7," 093A1","11/07/2020","B",1,0,5.87077,5.66294,3.44448,3.07917,2.19105,1.81577,0.207839,0.365304,0.375271,0.948414,"E","093A1E",54.3401194311205,"BE","1E","093A11","093A11E"
7," 093A1","11/07/2020","B",1,0,3.40219,3.14159,1.44644,5.81954,0,0,0.260602,1.91009,0,2.17069,"E","093A1E",124.371375631253,"BE","1E","093A11","093A11E"
7," 093A1","11/07/2020","B",1,0,3.14159,6.17253,0,0,0,0,3.25225,0,0,3.25225,"E","093A1E",186.340198921422,"BE","1E","093A11","093A11E"
7," 093A1","11/07/2020","B",1,0,3.44448,3.07917,2.00742,1.24905,0.174672,5.37836,0.365304,0.758378,1.0795,2.20318,"E","093A1E",126.232915507633,"BE","1E","093A11","093A11E"
7," 093A1","11/07/2020","B",1,1,1.2315,0.904827,5.07116,4.29998,2.35619,1.92957,0.326677,0.771181,0.426628,1.52449,"R","093A1R",87.3468429098989,"BR","1R","093A11","093A11R"
7," 093A1","11/07/2020","B",1,1,5.14902,4.05669,0,0,0,0,1.09232,0,0,1.09232,"R","093A1R",62.5853258777301,"BR","1R","093A11","093A11R"
7," 093A1","11/07/2020","B",1,1,3.37268,3.14159,1.80189,1.40565,0.0587558,5.45781,0.231091,0.396239,0.884133,1.51146,"R","093A1R",86.6002789028434,"BR","1R","093A11","093A11R"
7," 093A1","11/07/2020","B",1,1,2.65164,2.26553,1.81577,1.43824,5.03414,4.04642,0.386101,0.37753,0.98772,1.75135,"R","093A1R",100.344963450237,"BR","1R","093A11","093A11R"
7," 093A1","11/07/2020","B",1,1,2.72918,2.06075,4.65363,4.04642,0,0,0.668429,0.607213,0,1.27564,"R","093A1R",73.0887881780683,"BR","1R","093A11","093A11R"
7," 093A1","11/07/2020","B",1,1,2.79857,2.44685,0.0665682,5.90268,4.83674,4.52704,0.351714,0.447075,0.309703,1.10849,"R","093A1R",63.5117986324566,"BR","1R","093A11","093A11R"
7," 093A1","11/07/2020","B",1,1,4.10684,2.43934,5.58093,4.95737,0,0,1.66751,0.623561,0,2.29107,"R","093A1R",131.268641569038,"BR","1R","093A11","093A11R"
7," 093A1","11/07/2020","B",1,1,2.62245,2.0032,0.54042,0.244979,5.66294,5.23153,0.619242,0.295441,0.431401,1.34608,"R","093A1R",77.1247028869699,"BR","1R","093A11","093A11R"
7," 093A1","11/07/2020","B",1,1,1.03038,0.904827,5.99713,5.76404,5.1248,4.78916,0.12555,0.233095,0.335639,0.694283,"R","093A1R",39.7794856876813,"BR","1R","093A11","093A11R"
7," 093A1","11/07/2020","B",3,0,4.00376,3.19155,1.62955,1.26791,6.17253,5.66294,0.812212,0.361641,0.509593,1.68344,"E","093A1E",96.4540070635033,"BE","3E","093A13","093A13E"
7," 093A1","11/07/2020","B",3,0,2.4859,2.06075,0.868539,0.54042,5.81954,5.17604,0.425143,0.32812,0.643501,1.39676,"E","093A1E",80.0284529926929,"BE","3E","093A13","093A13E"
7," 093A1","11/07/2020","B",3,0,0,0,0,0,0,0,0,0,0,0,"E","093A1E",0,"BE","3E","093A13","093A13E"
7," 093A1","11/07/2020","B",3,0,3.14159,0.832981,0,0,0,0,2.30861,0,0,2.30861,"E","093A1E",132.273609541697,"BE","3E","093A13","093A13E"
7," 093A1","11/07/2020","B",3,0,3.92699,1.9614,0,0,0,0,1.96559,0,0,1.96559,"E","093A1E",112.620011253119,"BE","3E","093A13","093A13E"
7," 093A1","11/07/2020","B",3,0,3.92699,2.31622,1.5708,0.965252,6.05209,5.28373,1.61077,0.605545,0.768368,2.98469,"E","093A1E",171.010140154902,"BE","3E","093A13","093A13E"
7," 093A1","11/07/2020","B",3,0,2.4859,3.60524,0,0,0,0,5.16384,0,0,5.16384,"E","093A1E",295.866238080835,"BE","3E","093A13","093A13E"
7," 093A1","11/07/2020","B",3,0,1.19029,5.07116,4.15379,3.66074,0,0,2.40232,0.493051,0,2.89537,"E","093A1E",165.892481128793,"BE","3E","093A13","093A13E"
7," 093A1","11/07/2020","B",3,1,2.65164,2.31622,1.10715,5.79323,4.76789,4.46741,0.33542,1.59711,0.300477,2.233,"R","093A1R",127.941475652713,"BR","3R","093A13","093A13R"
7," 093A1","11/07/2020","B",3,1,1.87368,0.588003,5.87077,5.33264,0,0,1.28568,0.538136,0,1.82382,"R","093A1R",104.49718859155,"BR","3R","093A13","093A13R"
7," 093A1","11/07/2020","B",3,1,2.4859,2.03444,0.463648,5.71185,3.97044,3.48462,0.451453,1.03498,0.485825,1.97226,"R","093A1R",113.002174102472,"BR","3R","093A13","093A13R"
7," 093A1","11/07/2020","B",3,1,3.2587,2.81984,0.828849,0.489957,5.53481,5.1248,0.438859,0.338892,0.410008,1.18776,"R","093A1R",68.0536350744587,"BR","3R","093A13","093A13R"
7," 093A1","11/07/2020","B",3,1,1.68791,1.39612,6.01224,5.79323,4.01013,3.71293,0.291781,0.21901,0.297202,0.807993,"R","093A1R",46.2945887761139,"BR","3R","093A13","093A13R"
7," 093A1","11/07/2020","B",3,0,1.7976,6.15883,5.7708,4.01765,0,0,1.92195,1.75315,0,3.6751,"E","093A1E",210.567719288529,"BE","3E","093A13","093A13E"
7," 093A1","11/07/2020","B",3,1,1.1659,0.197396,4.83674,3.28349,0,0,0.968509,1.55325,0,2.52176,"R","093A1R",144.48620494491,"BR","3R","093A13","093A13R"
7," 093A1","11/07/2020","B",3,1,2.58299,1.75614,0.185348,5.69518,4.3075,3.32694,0.826849,0.773351,0.980556,2.58076,"R","093A1R",147.866655936182,"BR","3R","093A13","093A13R"
7," 093A1","11/07/2020","B",3,1,4.45179,3.82732,3.08284,2.39066,1.84174,1.3597,0.624464,0.692173,0.48204,1.79868,"R","093A1R",103.056772694591,"BR","3R","093A13","093A13R"
7," 093A1","11/07/2020","B",3,1,2.65164,2.14213,1.03038,0.702257,6.16608,5.37836,0.509502,0.32812,0.787718,1.62534,"R","093A1R",93.1251222737932,"BR","3R","093A13","093A13R"
7," 093A1","11/07/2020","B",3,1,0.785398,0.185348,4.10684,3.88701,2.76109,2.27305,0.60005,0.219832,0.488033,1.30792,"R","093A1R",74.9382959407506,"BR","3R","093A13","093A13R"
7," 093A1","11/07/2020","B",3,1,2.72918,2.22649,0,6.03821,4.65363,4.17197,0.50269,0.244979,0.481664,1.22933,"R","093A1R",70.4354206288175,"BR","3R","093A13","093A13R"
7," 093A1","11/07/2020","B",1,1,2.19105,1.45369,0.708626,6.17253,4.65689,2.65164,0.737358,0.819283,2.00525,3.5619,"R","093A1R",204.081837047648,"BR","1R","093A11","093A11R"
7," 093A1","11/07/2020","B",1,1,2.23677,0.904827,5.87077,5.37836,0,0,1.33194,0.492416,0,1.82435,"R","093A1R",104.527555354692,"BR","1R","093A11","093A11R"
7," 093A1","11/07/2020","B",1,1,2.27305,1.85685,5.81954,5.31793,3.65398,3.26595,0.416205,0.501604,0.388035,1.30584,"R","093A1R",74.8191207193634,"BR","1R","093A11","093A11R"
7," 094A1","11/07/2020","A",1,0,1.63322,1.26791,5.74277,4.29998,0,0,0.365304,1.44279,0,1.80809,"E","094A1E",103.595925979809,"AE","1E","094A11","094A11E"
7," 094A1","11/07/2020","A",1,0,2.31622,1.87368,0.380506,5.53777,4.01013,3.57822,0.442535,1.12593,0.431912,2.00037,"E","094A1E",114.612758464585,"AE","1E","094A11","094A11E"
7," 094A1","11/07/2020","A",1,0,5.74277,4.59528,0,0,0,0,1.14749,0,0,1.14749,"E","094A1E",65.7463340334668,"AE","1E","094A11","094A11E"
7," 094A1","11/07/2020","A",1,0,5.20235,1.5708,0,0,0,0,3.63155,0,0,3.63155,"E","094A1E",208.072488090734,"AE","1E","094A11","094A11E"
7," 094A1","11/07/2020","A",1,0,2.06075,1.75614,0.655696,0.0587558,5.74277,5.20235,0.304609,0.59694,0.54042,1.44197,"E","094A1E",82.6187951844793,"AE","1E","094A11","094A11E"
7," 094A1","11/07/2020","A",1,0,3.20035,2.22649,0,4.09214,0,0,0.973856,2.19105,0,3.1649,"E","094A1E",181.335412580954,"AE","1E","094A11","094A11E"
7," 094A1","11/07/2020","A",1,0,2.06075,4.95737,0,0,0,0,3.38657,0,0,3.38657,"E","094A1E",194.036168025619,"AE","1E","094A11","094A11E"
7," 094A1","11/07/2020","A",1,0,5.94389,5.45781,4.27576,2.57026,0,0,0.486084,1.70551,0,2.19159,"E","094A1E",125.568857423076,"AE","1E","094A11","094A11E"
7," 094A1","11/07/2020","A",1,0,1.08084,3.02448,0,0,0,0,4.33954,0,0,4.33954,"E","094A1E",248.637327028201,"AE","1E","094A11","094A11E"
7," 094A1","11/07/2020","A",1,0,2.19105,1.75614,5.30039,4.12439,0,0,0.434901,1.17601,0,1.61091,"E","094A1E",92.2983441754194,"AE","1E","094A11","094A11E"
7," 094A1","11/07/2020","A",1,1,1.31019,0.965252,5.14902,4.09214,0,0,0.344942,1.05688,0,1.40182,"R","094A1R",80.3183696370291,"AR","1R","094A11","094A11R"
7," 094A1","11/07/2020","A",1,1,1.19029,0.741947,4.95737,4.53772,2.67795,2.4859,0.448343,0.419651,0.192048,1.06004,"R","094A1R",60.7358181150478,"AR","1R","094A11","094A11R"
7," 094A1","11/07/2020","A",1,1,1.87368,1.38545,5.41465,5.07116,3.20035,2.89661,0.488233,0.343486,0.303734,1.13545,"R","094A1R",65.0564928481293,"AR","1R","094A11","094A11R"
7," 094A1","11/07/2020","A",1,1,0,0,0,0,0,0,0,0,0,0,"R","094A1R",0,"AR","1R","094A11","094A11R"
7," 094A1","11/07/2020","A",1,1,4.77114,4.29998,3.14159,1.89255,0,0,0.471166,1.24905,0,1.72021,"R","094A1R",98.5607728761994,"AR","1R","094A11","094A11R"
7," 094A1","11/07/2020","A",1,1,1.50838,6.22443,5.37836,4.89774,0,0,1.56713,0.480621,0,2.04775,"R","094A1R",117.327432497914,"AR","1R","094A11","094A11R"
7," 094A1","11/07/2020","A",1,1,1.31019,0.436627,5.14902,4.65689,4.04642,3.76184,0.873567,0.492126,0.284577,1.65027,"R","094A1R",94.5535060570543,"AR","1R","094A11","094A11R"
7," 094A1","11/07/2020","A",1,1,2.35619,1.76819,5.01527,4.71239,3.71293,3.20401,0.588003,0.302885,0.508919,1.39981,"R","094A1R",80.2032051202078,"AR","1R","094A11","094A11R"
7," 094A1","11/07/2020","A",1,1,4.58803,3.96697,3.08609,2.26553,0,0,0.621065,0.82056,0,1.44162,"R","094A1R",82.5987416616497,"AR","1R","094A11","094A11R"
7," 094A1","11/07/2020","A",1,0,2.03444,5.49779,0,0,0,0,2.81984,0,0,2.81984,"E","094A1E",161.56493090217,"AE","1E","094A11","094A11E"
7," 094A1","11/07/2020","A",1,0,5.27099,2.08994,0,0,0,0,3.18105,0,0,3.18105,"E","094A1E",182.260739420091,"AE","1E","094A11","094A11E"
7," 094A1","11/07/2020","A",1,0,1.26791,0.185348,5.41465,4.05669,0,0,1.08256,1.35795,0,2.44052,"E","094A1E",139.831495817268,"AE","1E","094A11","094A11E"
7," 094A1","11/07/2020","A",1,0,1.9513,5.28373,0,0,0,0,2.95076,0,0,2.95076,"E","094A1E",169.066094356023,"AE","1E","094A11","094A11E"
7," 094A1","11/07/2020","A",1,0,0.124355,5.58093,4.98334,3.80756,0,0,0.826612,1.17577,0,2.00239,"E","094A1E",114.728495939201,"AE","1E","094A11","094A11E"
7," 094A1","11/07/2020","A",1,0,0,5.49779,4.17197,3.01724,0,0,0.785398,1.15473,0,1.94013,"E","094A1E",111.161260706716,"AE","1E","094A11","094A11E"
7," 094A1","11/07/2020","A",1,1,0.741947,0.244979,6.03821,5.67764,3.50036,2.4859,0.496969,0.360566,1.01447,1.872,"R","094A1R",107.25769924849,"AR","1R","094A11","094A11R"
7," 094A1","11/07/2020","A",1,1,6.22443,5.72459,4.04642,3.50036,3.02448,2.44685,0.499844,0.546056,0.57763,1.62353,"R","094A1R",93.0214169128745,"AR","1R","094A11","094A11R"
7," 094A1","11/07/2020","A",1,1,0.244979,6.11804,3.66074,2.27942,0,0,0.410127,1.38132,0,1.79144,"R","094A1R",102.641951250916,"AR","1R","094A11","094A11R"
7," 094A1","11/07/2020","A",1,1,2.00742,1.10715,4.4813,3.84385,0,0,0.900275,0.637449,0,1.53772,"R","094A1R",88.104866072857,"AR","1R","094A11","094A11R"
7," 094A1","11/07/2020","A",1,1,0.965252,0.463648,5.31793,4.10684,0,0,0.501604,1.21109,0,1.71269,"R","094A1R",98.129908614261,"AR","1R","094A11","094A11R"
7," 094A1","11/07/2020","A",1,1,5.41465,4.87754,2.31622,1.73594,0,0,0.537108,0.580271,0,1.11738,"R","094A1R",64.0211581123279,"AR","1R","094A11","094A11R"
7," 094A1","11/07/2020","A",2,0,1.69515,1.39612,0.489957,0.185348,4.24874,3.88701,0.299027,0.304609,0.361729,0.965366,"E","094A1E",55.3113974854262,"AE","2E","094A12","094A12E"
7," 094A1","11/07/2020","A",2,0,0,0,0,0,0,0,0,0,0,0,"E","094A1E",0,"AE","2E","094A12","094A12E"
7," 094A1","11/07/2020","A",2,0,2.14213,5.74277,0,0,0,0,2.68255,0,0,2.68255,"E","094A1E",153.698793332819,"AE","2E","094A12","094A12E"
7," 094A1","11/07/2020","A",2,0,3.20401,2.08994,6.03821,4.88706,0,0,1.11407,1.15115,0,2.26521,"E","094A1E",129.786972710829,"AE","2E","094A12","094A12E"
7," 094A1","11/07/2020","A",2,0,3.44448,1.26791,0.571337,0.0587558,0,0,2.17657,0.512582,0,2.68915,"E","094A1E",154.076945477605,"AE","2E","094A12","094A12E"
7," 094A1","11/07/2020","A",2,0,3.50036,6.03821,0,0,0,0,3.74534,0,0,3.74534,"E","094A1E",214.592174841528,"AE","2E","094A12","094A12E"
7," 094A1","11/07/2020","A",2,0,3.554,6.22443,0,0,0,0,3.61276,0,0,3.61276,"E","094A1E",206.995900393683,"AE","2E","094A12","094A12E"
7," 094A1","11/07/2020","A",2,0,4.01013,3.74714,1.69515,5.87077,0,0,0.262995,2.10756,0,2.37056,"E","094A1E",135.823083082532,"AE","2E","094A12","094A12E"
7," 094A1","11/07/2020","A",2,0,3.76184,3.46334,1.50838,1.13417,6.05209,5.53777,0.298499,0.374208,0.514328,1.18704,"E","094A1E",68.0123821132092,"AE","2E","094A12","094A12E"
7," 094A1","11/07/2020","A",2,0,4.01013,3.50036,1.15839,5.53777,0,0,0.509768,1.90381,0,2.41357,"E","094A1E",138.28737455939,"AE","2E","094A12","094A12E"
7," 094A1","11/07/2020","A",2,0,2.57026,1.26791,5.92441,5.33264,0,0,1.30234,0.591776,0,1.89412,"E","094A1E",108.525081891319,"AE","2E","094A12","094A12E"
7," 094A1","11/07/2020","A",2,0,3.38657,1.15839,0,0,0,0,2.22819,0,0,2.22819,"E","094A1E",127.665882953255,"AE","2E","094A12","094A12E"
7," 094A1","11/07/2020","A",2,0,3.38657,2.9442,1.38545,0.655696,4.99844,4.53772,0.442374,0.729753,0.460723,1.63285,"E","094A1E",93.5554135779365,"AE","2E","094A12","094A12E"
7," 094A1","11/07/2020","A",2,0,4.00376,3.38657,0.380506,4.77114,0,0,0.617191,1.89255,0,2.50974,"E","094A1E",143.797509675163,"AE","2E","094A12","094A12E"
7," 094A1","11/07/2020","A",2,1,0.489957,5.74277,4.2,2.83871,0,0,1.03038,1.36129,0,2.39167,"R","094A1R",137.032596988054,"AR","2R","094A12","094A12R"
7," 094A1","11/07/2020","A",2,1,1.08084,0.0587558,3.88701,3.14159,0,0,1.02208,0.74542,0,1.7675,"R","094A1R",101.270290289373,"AR","2R","094A12","094A12R"
7," 094A1","11/07/2020","A",2,1,2.03444,1.01914,0,0,0,0,1.0153,0,0,1.0153,"R","094A1R",58.1724049396325,"AR","2R","094A12","094A12R"
7," 094A1","11/07/2020","A",2,1,1.81577,0.380506,3.92699,3.14159,0,0,1.43527,0.785398,0,2.22067,"R","094A1R",127.235018691317,"AR","2R","094A12","094A12R"
7," 094A1","11/07/2020","A",2,0,5.96143,5.46077,3.97044,2.4859,0,0,0.500668,1.48454,0,1.98521,"E","094A1E",113.744154447166,"AE","2E","094A12","094A12E"
7," 094A1","11/07/2020","A",2,1,1.81577,1.51204,6.10851,5.61722,3.554,3.20035,0.303734,0.491297,0.353655,1.14869,"R","094A1R",65.8150889688825,"AR","2R","094A12","094A12R"
7," 094A1","11/07/2020","A",2,1,0.950547,0.571337,5.53777,5.20235,2.19105,1.91009,0.379209,0.33542,0.280957,0.995586,"R","094A1R",57.0428759423116,"AR","2R","094A12","094A12R"
7," 094A1","11/07/2020","A",2,1,1.81577,1.63322,5.61722,5.17604,3.84385,3.554,0.18256,0.44118,0.289847,0.913586,"R","094A1R",52.3446220222388,"AR","2R","094A12","094A12R"
7," 094A1","11/07/2020","A",2,1,0.885067,0.302885,4.60173,4.29998,2.76109,2.53605,0.582182,0.301753,0.225038,1.10897,"R","094A1R",63.5393006066229,"AR","2R","094A12","094A12R"
7," 094A1","11/07/2020","A",2,1,4.01765,1.87368,0,0,0,0,2.14397,0,0,2.14397,"R","094A1R",122.840432402663,"AR","2R","094A12","094A12R"
7," 094A1","11/07/2020","A",2,1,1.51204,1.39612,0.132552,5.66294,3.79729,3.42764,0.115916,0.752801,0.369644,1.23836,"R","094A1R",70.9528015178206,"AR","2R","094A12","094A12R"
7," 094A1","11/07/2020","A",2,1,4.65363,3.5221,0,0,0,0,1.13153,0,0,1.13153,"R","094A1R",64.831893392438,"AR","2R","094A12","094A12R"
7," 094A1","11/07/2020","A",2,1,3.60524,2.14213,0,0,0,0,1.46311,0,0,1.46311,"R","094A1R",83.8300279633859,"AR","2R","094A12","094A12R"
7," 094A1","11/07/2020","A",2,1,0.74542,5.9803,4.71239,4.46741,3.14159,2.76109,1.0483,0.244978,0.380507,1.67379,"R","094A1R",95.9011027912021,"AR","2R","094A12","094A12R"
7," 094A1","11/07/2020","A",2,1,5.71185,5.37836,4.94348,4.71239,2.39617,2.12245,0.333489,0.231091,0.273722,0.838302,"R","094A1R",48.0311665573759,"AR","2R","094A12","094A12R"
7," 094A1","11/07/2020","A",3,0,4.46741,4.10684,1.98321,1.5708,0,5.79323,0.360566,0.41241,0.489957,1.26293,"E","094A1E",72.3605588204571,"AE","3E","094A13","094A13E"
7," 094A1","11/07/2020","A",3,0,2.11122,1.5708,5.53777,5.28373,4.24874,3.76184,0.540419,0.254039,0.486899,1.28136,"E","094A1E",73.4165200368832,"AE","3E","094A13","094A13E"
7," 094A1","11/07/2020","A",3,0,6.22443,3.80756,0,0,0,0,2.41687,0,0,2.41687,"E","094A1E",138.476450631783,"AE","3E","094A13","094A13E"
7," 094A1","11/07/2020","A",3,0,3.84385,0.571337,0,0,0,0,3.27251,0,0,3.27251,"E","094A1E",187.501011414357,"AE","3E","094A13","094A13E"
7," 094A1","11/07/2020","A",3,0,5.49779,2.11122,0,0,0,0,3.38657,0,0,3.38657,"E","094A1E",194.036168025619,"AE","3E","094A13","094A13E"
7," 094A1","11/07/2020","A",3,0,3.14159,2.76109,0.785398,0.41241,5.94389,5.37836,0.380507,0.372988,0.565534,1.31903,"E","094A1E",75.574852051141,"AE","3E","094A13","094A13E"
7," 094A1","11/07/2020","A",3,0,3.84385,2.00742,0.54042,6.05209,0,0,1.83643,0.77151,0,2.60794,"E","094A1E",149.423955223348,"AE","3E","094A13","094A13E"
7," 094A1","11/07/2020","A",3,0,2.78282,2.57026,0.489957,0.0587558,5.30039,4.52704,0.212567,0.431202,0.773351,1.41712,"E","094A1E",81.1949950635792,"AE","3E","094A13","094A13E"
7," 094A1","11/07/2020","A",3,0,2.57026,2.31274,0.286051,6.03821,0,0,0.257512,0.53103,0,0.788542,"E","094A1E",45.180128568805,"AE","3E","094A13","094A13E"
7," 094A1","11/07/2020","A",3,1,0.868539,0.174672,5.99713,5.74277,2.62245,2.06075,0.693867,0.254368,0.561693,1.50993,"R","094A1R",86.5126163601884,"AR","3R","094A13","094A13R"
7," 094A1","11/07/2020","A",3,1,2.4859,1.92957,0.174672,5.53777,0,0,0.55633,0.920091,0,1.47642,"R","094A1R",84.592634788705,"AR","3R","094A13","094A13R"
7," 094A1","11/07/2020","A",3,1,1.15839,0.950547,5.25281,4.71239,2.62245,2.35619,0.207839,0.54042,0.266252,1.01451,"R","094A1R",58.1271412738172,"AR","3R","094A13","094A13R"
7," 094A1","11/07/2020","A",3,1,0.571337,0.231091,5.94389,5.53777,3.71293,3.38657,0.340247,0.406126,0.326359,1.07273,"R","094A1R",61.4629015570688,"AR","3R","094A13","094A13R"
7," 094A1","11/07/2020","A",3,1,1.31019,0.785398,0.0587558,5.9803,4.58803,4.24874,0.524796,0.361641,0.339293,1.22573,"R","094A1R",70.2291558225704,"AR","3R","094A13","094A13R"
7," 094A1","11/07/2020","A",3,1,0.825377,0.358771,4.65363,4.00376,3.37268,2.95624,0.466606,0.64987,0.416439,1.53292,"R","094A1R",87.8298463311942,"AR","3R","094A13","094A13R"
7," 094A1","11/07/2020","A",3,0,0.512389,4.00376,0,0,0,0,2.79181,0,0,2.79181,"E","094A1E",159.958930202418,"AE","3E","094A13","094A13E"
7," 094A1","11/07/2020","A",3,0,3.84385,1.19029,0,0,0,0,2.65356,0,0,2.65356,"E","094A1E",152.037788684735,"AE","3E","094A13","094A13E"
7," 094A1","11/07/2020","A",3,0,3.25225,0.571337,0,0,0,0,2.68091,0,0,2.68091,"E","094A1E",153.604828254418,"AE","3E","094A13","094A13E"
7," 094A1","11/07/2020","A",3,0,3.97044,2.11122,0,0,0,0,1.85923,0,0,1.85923,"E","094A1E",106.526032144108,"AE","3E","094A13","094A13E"
7," 094A1","11/07/2020","A",3,1,1.68145,1.26791,0,5.81954,4.82305,4.27576,0.413542,0.463648,0.547284,1.42447,"R","094A1R",81.6161190430004,"AR","3R","094A13","094A13R"
7," 094A1","11/07/2020","A",3,1,1.9513,1.01914,0.732815,5.94389,0,0,0.932161,1.07211,0,2.00427,"R","094A1R",114.836212004686,"AR","3R","094A13","094A13R"
7," 094A1","11/07/2020","A",3,1,3.77434,3.38657,0.965252,5.99713,0,0,0.38777,1.2513,0,1.63907,"R","094A1R",93.9117933265078,"AR","3R","094A13","094A13R"
7," 094A1","11/07/2020","A",3,0,0,0,0,0,0,0,0,0,0,0,"E","094A1E",0,"AE","3E","094A13","094A13E"
7," 094A1","11/07/2020","A",3,0,4.59528,2.03444,0,0,0,0,2.56084,0,0,2.56084,"E","094A1E",146.725324008282,"AE","3E","094A13","094A13E"
7," 094A1","11/07/2020","A",3,0,4.2,2.22649,0,0,0,0,1.97351,0,0,1.97351,"E","094A1E",113.073793826863,"AE","3E","094A13","094A13E"
7," 094A1","11/07/2020","A",3,1,1.26791,0.244979,4.46741,4.01765,3.57822,2.43934,1.02293,0.44976,1.13888,2.61158,"R","094A1R",149.632511860776,"AR","3R","094A13","094A13R"
7," 094A1","11/07/2020","A",3,1,3.20401,1.10715,0,0,0,0,2.09686,0,0,2.09686,"R","094A1R",120.141228229802,"AR","3R","094A13","094A13R"
7," 094A1","11/07/2020","A",3,1,3.63155,0.876058,0,0,0,0,2.75549,0,0,2.75549,"R","094A1R",157.877947490503,"AR","3R","094A13","094A13R"
7," 094A1","11/07/2020","A",3,1,6.09784,3.92699,0,0,0,0,2.17085,0,0,2.17085,"R","094A1R",124.380542955975,"AR","3R","094A13","094A13R"
7," 094A1","11/07/2020","A",3,1,1.85685,1.40565,0,5.81954,5.07116,4.45179,0.4512,0.463648,0.619373,1.53422,"R","094A1R",87.9043308445612,"AR","3R","094A13","094A13R"
7," 094A1","11/07/2020","A",3,1,1.98321,1.32582,0.904827,0.380506,4.52704,3.80756,0.657389,0.524321,0.719479,1.90119,"R","094A1R",108.930163052477,"AR","3R","094A13","094A13R"
7," 094A1","11/07/2020","A",3,1,0.260602,3.83633,0,0,0,0,2.70746,0,0,2.70746,"R","094A1R",155.12603120049,"AR","3R","094A13","094A13R"
7," 094A1","11/07/2020","A",3,1,1.98321,0.999459,6.01224,5.58093,4.87754,4.46741,0.983748,0.43131,0.410127,1.82519,"R","094A1R",104.575683809483,"AR","3R","094A13","094A13R"
7," 095A1","11/07/2020","C",1,0,2.97644,2.31274,0.655696,0,5.37836,3.51248,0.6637,0.655696,1.86587,3.18527,"E","095A1E",182.502527609636,"CE","1E","095A11","095A11E"
7," 095A1","11/07/2020","C",1,0,1.50838,4.39064,0,0,0,0,3.40092,0,0,3.40092,"E","095A1E",194.858362461632,"CE","1E","095A11","095A11E"
7," 095A1","11/07/2020","C",1,0,1.5708,0,5.45434,4.89774,4.24874,3.554,1.5708,0.556599,0.694739,2.82213,"E","095A1E",161.696138237255,"CE","1E","095A11","095A11E"
7," 095A1","11/07/2020","C",1,0,1.50838,0.741947,5.28373,3.88701,0,0,0.76643,1.39671,0,2.16314,"E","095A1E",123.938792495929,"CE","1E","095A11","095A11E"
7," 095A1","11/07/2020","C",1,0,1.5708,0.244979,5.61722,5.17604,3.32694,2.76109,1.32582,0.44118,0.565854,2.33285,"E","095A1E",133.662459237094,"CE","1E","095A11","095A11E"
7," 095A1","11/07/2020","C",1,0,2.08994,0.999459,0.231091,5.36808,0,0,1.09048,1.14619,0,2.23668,"E","095A1E",128.152324121321,"CE","1E","095A11","095A11E"
7," 095A1","11/07/2020","C",1,0,2.89661,2.19105,0.302885,5.41465,0,0,0.705568,1.17142,0,1.87699,"E","095A1E",107.54360518826,"CE","1E","095A11","095A11E"
7," 095A1","11/07/2020","C",1,0,2.76109,1.26791,6.11804,4.42634,0,0,1.49317,1.6917,0,3.18487,"E","095A1E",182.479609297831,"CE","1E","095A11","095A11E"
7," 095A1","11/07/2020","C",1,0,4.35362,1.05165,0,0,0,0,3.30197,0,0,3.30197,"E","095A1E",189.188945078812,"CE","1E","095A11","095A11E"
7," 095A1","11/07/2020","C",1,0,5.08328,2.47562,0,0,0,0,2.60766,0,0,2.60766,"E","095A1E",149.407912405084,"CE","1E","095A11","095A11E"
7," 095A1","11/07/2020","C",1,0,2.57026,1.74547,0.244979,0,4.71239,4.01013,0.824787,0.244979,0.702257,1.77202,"E","095A1E",101.529267212772,"CE","1E","095A11","095A11E"
7," 095A1","11/07/2020","C",1,0,6.22443,5.81954,5.35589,4.42634,4.17197,3.07917,0.404892,0.929553,1.0928,2.42724,"E","095A1E",139.070607865334,"CE","1E","095A11","095A11E"
7," 095A1","11/07/2020","C",1,0,1.24905,5.87077,4.77114,3.7296,0,0,1.66146,1.04155,0,2.70301,"E","095A1E",154.871064981657,"CE","1E","095A11","095A11E"
7," 095A1","11/07/2020","C",1,1,2.9105,2.27305,0.489957,5.81954,4.36937,3.71293,0.637449,0.953605,0.656435,2.24749,"R","095A1R",128.771691497857,"CR","1R","095A11","095A11R"
7," 095A1","11/07/2020","C",1,1,0.185348,5.92441,5.58093,5.31793,3.96697,3.02448,0.544119,0.262995,0.942486,1.7496,"R","095A1R",100.244695836089,"CR","1R","095A11","095A11R"
7," 095A1","11/07/2020","C",1,1,0.785398,4.27576,0,0,0,0,2.79282,0,0,2.79282,"R","095A1R",160.016798939727,"CR","1R","095A11","095A11R"
7," 095A1","11/07/2020","C",1,1,2.35619,1.9513,0.124355,5.84656,4.01765,3.7296,0.404892,0.560982,0.288055,1.25393,"R","095A1R",71.8448968048393,"CR","1R","095A11","095A11R"
7," 095A1","11/07/2020","C",1,1,3.554,3.31626,0.124355,5.62749,5.22478,4.58803,0.237738,0.780051,0.636744,1.65453,"R","095A1R",94.7975860777801,"CR","1R","095A11","095A11R"
7," 095A1","11/07/2020","C",1,1,1.69515,0.785398,5.38713,4.17197,0,0,0.909753,1.21516,0,2.12491,"R","095A1R",121.748374845144,"CR","1R","095A11","095A11R"
7," 095A1","11/07/2020","C",2,0,3.37268,5.17604,0,0,0,0,4.47983,0,0,4.47983,"E","095A1E",256.675351936092,"CE","2E","095A12","095A12E"
7," 095A1","11/07/2020","C",2,0,5.58093,2.22649,0,0,0,0,3.35444,0,0,3.35444,"E","095A1E",192.195254629864,"CE","2E","095A12","095A12E"
7," 095A1","11/07/2020","C",2,0,2.58994,1.21203,6.15883,5.53777,4.4813,4.01765,1.37791,0.621064,0.463648,2.46262,"E","095A1E",141.097732544507,"CE","2E","095A12","095A12E"
7," 095A1","11/07/2020","C",2,0,2.23677,1.5708,5.84656,4.17197,3.60524,2.9105,0.665969,1.67459,0.694738,3.0353,"E","095A1E",173.909879556059,"CE","2E","095A12","095A12E"
7," 095A1","11/07/2020","C",2,0,0.117109,3.50036,0,0,0,0,2.89993,0,0,2.89993,"E","095A1E",166.153749883373,"CE","2E","095A12","095A12E"
7," 095A1","11/07/2020","C",2,0,0.117109,3.2129,0,0,0,0,3.18739,0,0,3.18739,"E","095A1E",182.623994662204,"CE","2E","095A12","095A12E"
7," 095A1","11/07/2020","C",2,0,5.4502,2.27305,0,0,0,0,3.17715,0,0,3.17715,"E","095A1E",182.03728587999,"CE","2E","095A12","095A12E"
7," 095A1","11/07/2020","C",2,0,1.76819,0.982794,0.463648,5.72459,5.13061,3.57822,0.785398,1.02225,1.55239,3.36004,"E","095A1E",192.516110995137,"CE","2E","095A12","095A12E"
7," 095A1","11/07/2020","C",2,0,3.19709,2.44685,1.62629,0.463648,4.77114,4.46741,0.750237,1.16265,0.303734,2.21662,"E","095A1E",127.002970784289,"CE","2E","095A12","095A12E"
7," 095A1","11/07/2020","C",2,0,4.42634,3.50036,2.9442,0.493941,0,0,0.925974,2.45026,0,3.37623,"E","095A1E",193.443729665454,"CE","2E","095A12","095A12E"
7," 095A1","11/07/2020","C",2,1,2.17634,1.69515,6.12658,5.71185,4.29998,3.83633,0.48119,0.414736,0.463648,1.35957,"R","095A1R",77.8976229526013,"CR","2R","095A12","095A12R"
7," 095A1","11/07/2020","C",2,1,2.60117,1.63736,1.05165,0.785398,5.22478,4.65981,0.963809,0.266252,0.564973,1.79503,"R","095A1R",102.847643099368,"CR","2R","095A12","095A12R"
7," 095A1","11/07/2020","C",2,1,2.78282,2.17308,1.26791,0.828849,5.71185,5.20235,0.609738,0.439062,0.509501,1.5583,"R","095A1R",89.2840132152362,"CR","2R","095A12","095A12R"
7," 095A1","11/07/2020","C",2,1,1.97569,1.5708,6.05209,5.46332,5.07116,4.58803,0.404892,0.588777,0.483126,1.47679,"R","095A1R",84.6138342271248,"CR","2R","095A12","095A12R"
7," 095A1","11/07/2020","C",2,1,0.999459,0.436627,5.66294,5.0929,3.44448,2.70497,0.562832,0.57004,0.739512,1.87238,"R","095A1R",107.279471644705,"CR","2R","095A12","095A12R"
7," 095A1","11/07/2020","C",2,1,2.4859,1.9513,0.785398,0.436627,5.53777,4.95737,0.534594,0.348771,0.580399,1.46376,"R","095A1R",83.8672702200694,"CR","2R","095A12","095A12R"
7," 095A1","11/07/2020","C",3,0,0.41241,5.30039,4.27576,3.38657,0,0,1.3952,0.889191,0,2.28439,"E","095A1E",130.88590576189,"CE","3E","095A13","095A13E"
7," 095A1","11/07/2020","C",3,0,0.965252,5.07116,4.14105,3.57822,0,0,2.17728,0.562831,0,2.74011,"E","095A1E",156.996738401592,"CE","3E","095A13","095A13E"
7," 095A1","11/07/2020","C",3,0,1.13417,0.124355,5.1248,3.88701,0,0,1.00981,1.23779,0,2.2476,"E","095A1E",128.777994033604,"CE","3E","095A13","095A13E"
7," 095A1","11/07/2020","C",3,0,3.63553,2.06474,1.20362,0,0,0,1.5708,1.20362,0,2.77442,"E","095A1E",158.962556596686,"CE","3E","095A13","095A13E"
7," 095A1","11/07/2020","C",3,0,3.96697,1.32582,0.260602,5.45781,0,0,2.64115,1.08598,0,3.72713,"E","095A1E",213.548818696595,"CE","3E","095A13","095A13E"
7," 095A1","11/07/2020","C",3,0,4.24874,3.87941,2.7367,2.17634,1.13417,0,0.369334,0.56036,1.13417,2.06386,"E","095A1E",118.25046750587,"CE","3E","095A13","095A13E"
7," 095A1","11/07/2020","C",3,0,1.5708,0.117109,4.32178,3.01724,0,0,1.45369,1.30454,0,2.75823,"E","095A1E",158.034937926369,"CE","3E","095A13","095A13E"
7," 095A1","11/07/2020","C",3,0,4.88706,4.22243,2.31622,1.21203,0,0,0.664629,1.10419,0,1.76882,"E","095A1E",101.34592071833,"CE","3E","095A13","095A13E"
7," 095A1","11/07/2020","C",3,0,5.07116,2.76109,0,0,0,0,2.31007,0,0,2.31007,"E","095A1E",132.357261379786,"CE","3E","095A13","095A13E"
7," 095A1","11/07/2020","C",3,0,5.58093,2.70918,0,0,0,0,2.87174,0,0,2.87174,"E","095A1E",164.538581858899,"CE","3E","095A13","095A13E"
7," 095A1","11/07/2020","C",3,0,0.702257,3.33899,0,0,0,0,3.64645,0,0,3.64645,"E","095A1E",208.926195205479,"CE","3E","095A13","095A13E"
7," 095A1","11/07/2020","C",3,0,0.785398,4.59528,0,0,0,0,2.4733,0,0,2.4733,"E","095A1E",141.709651469707,"CE","3E","095A13","095A13E"
7," 095A1","11/07/2020","C",3,0,0.915101,4.19324,0,0,0,0,3.00504,0,0,3.00504,"E","095A1E",172.176109267993,"CE","3E","095A13","095A13E"
7," 095A1","11/07/2020","C",3,1,3.02448,2.35619,1.19029,0.785398,0.110657,5.90268,0.668289,0.404892,0.491164,1.56434,"R","095A1R",89.6300797234952,"CR","3R","095A13","095A13R"
7," 095A1","11/07/2020","C",3,1,0.244979,5.61722,3.92699,3.01724,0,0,0.910948,0.909753,0,1.8207,"R","095A1R",104.318425759469,"CR","3R","095A13","095A13R"
7," 095A1","11/07/2020","C",3,1,0.124355,6.01224,3.60524,3.02448,2.43934,1.81577,0.395302,0.580756,0.623561,1.59962,"R","095A1R",91.6514748247167,"CR","3R","095A13","095A13R"
7," 095A1","11/07/2020","C",3,1,0.825377,0.185348,3.97044,3.2587,0,0,0.640029,0.71174,0,1.35177,"R","095A1R",77.4507158723993,"CR","3R","095A13","095A13R"
7," 095A1","11/07/2020","C",3,1,2.31274,1.63736,1.03038,0.519146,4.95737,4.17197,0.675379,0.511231,0.785398,1.97201,"R","095A1R",112.987850157593,"CR","3R","095A13","095A13R"
7," 095A1","11/07/2020","C",3,1,5.90268,5.30039,2.11122,0.588003,0,0,0.602287,1.52321,0,2.1255,"R","095A1R",121.782179355056,"CR","3R","095A13","095A13R"
7," 095A1","11/07/2020","C",3,1,1.91009,1.21203,6.05209,5.53777,4.09214,3.5221,0.698063,0.514328,0.570041,1.78243,"R","095A1R",102.125716277503,"CR","3R","095A13","095A13R"
7," 095A1","11/07/2020","C",3,1,2.67795,1.89255,0.512389,0.185348,5.23153,5.01527,0.785398,0.327042,0.216261,1.3287,"R","095A1R",76.1289022390325,"CR","3R","095A13","095A13R"
7," 095A1","11/07/2020","C",3,1,2.08994,1.44644,5.0929,4.5635,4.17197,3.83633,0.643501,0.529397,0.335639,1.50854,"R","095A1R",86.4329752266652,"CR","3R","095A13","095A13R"
7," 095A1","11/07/2020","C",1,1,3.14159,1.9513,5.28373,4.54724,0,0,1.19029,0.736486,0,1.92678,"R","095A1R",110.396362050217,"CR","1R","095A11","095A11R"
7," 095A1","11/07/2020","C",1,1,2.14213,1.21203,4.52704,3.60524,0,0,0.930108,0.921801,0,1.85191,"R","095A1R",106.106627038072,"CR","1R","095A11","095A11R"
7," 095A1","11/07/2020","C",1,1,0.965252,0.358771,5.87077,5.42102,3.76184,3.08284,0.606481,0.449759,0.679005,1.73525,"R","095A1R",99.4225014000761,"CR","1R","095A11","095A11R"
7," 095A1","11/07/2020","C",2,1,1.5708,1.13417,6.22769,5.79323,3.92699,3.57822,0.436627,0.434459,0.348771,1.21986,"R","095A1R",69.8928295968286,"CR","2R","095A12","095A12R"
7," 095A1","11/07/2020","C",2,1,3.58144,2.98499,2.55359,2.00742,1.68791,6.15883,0.596444,0.546167,1.81226,2.95487,"R","095A1R",169.301580009822,"CR","2R","095A12","095A12R"
7," 095A1","11/07/2020","C",3,1,3.07502,2.44685,0.489957,6.03821,5.07116,4.53772,0.62817,0.734936,0.533443,1.89655,"R","095A1R",108.664310635536,"CR","3R","095A13","095A13R"
7," 095A1","11/07/2020","C",3,1,3.20401,2.67795,0.493941,6.22077,4.99844,4.4813,0.526066,0.55636,0.517142,1.59957,"R","095A1R",91.6486100357411,"CR","3R","095A13","095A13R"
7," 096A1","12/07/2020","B",1,0,4.24874,2.67795,2.67795,2.35619,5.79323,5.25281,1.5708,0.321751,0.54042,2.43297,"E","096A1E",139.398912681944,"BE","1E","096A11","096A11E"
7," 096A1","12/07/2020","B",1,0,2.39965,2.06075,6.16608,5.81954,4.95737,3.44448,0.338892,0.346539,1.51289,2.19832,"E","096A1E",125.954458019199,"BE","1E","096A11","096A11E"
7," 096A1","12/07/2020","B",1,0,2.43934,1.69515,5.17604,3.01724,0,0,0.744184,2.1588,0,2.90298,"E","096A1E",166.328502010888,"BE","1E","096A11","096A11E"
7," 096A1","12/07/2020","B",1,0,1.75614,1.13839,4.71239,3.5221,0,0,0.617756,1.19029,0,1.80805,"E","096A1E",103.593634148628,"BE","1E","096A11","096A11E"
7," 096A1","12/07/2020","B",1,0,1.13417,0.694738,0,5.87829,5.07116,3.92699,0.439431,0.404892,1.14417,1.98849,"E","096A1E",113.932084603969,"BE","1E","096A11","096A11E"
7," 096A1","12/07/2020","B",1,0,2.23677,5.49779,0,0,0,0,3.02216,0,0,3.02216,"E","096A1E",173.157013013257,"BE","1E","096A11","096A11E"
7," 096A1","12/07/2020","B",1,0,3.14159,2.65164,1.26791,0.41241,6.05209,5.37836,0.489957,0.855501,0.673736,2.01919,"E","096A1E",115.691065035021,"BE","1E","096A11","096A11E"
7," 096A1","12/07/2020","B",1,0,0.54042,4.35362,0,0,0,0,2.46999,0,0,2.46999,"E","096A1E",141.520002439518,"BE","1E","096A11","096A11E"
7," 096A1","12/07/2020","B",1,0,0.741947,3.92699,0,0,0,0,3.09814,0,0,3.09814,"E","096A1E",177.510346340661,"BE","1E","096A11","096A11E"
7," 096A1","12/07/2020","B",1,0,6.22769,5.53777,4.42634,2.53605,0,0,0.689921,1.89029,0,2.58021,"E","096A1E",147.83514325745,"BE","1E","096A11","096A11E"
7," 096A1","12/07/2020","B",1,0,0.655696,0.0624188,5.49779,3.554,0,0,0.593277,1.94378,0,2.53706,"E","096A1E",145.362830371461,"BE","1E","096A11","096A11E"
7," 096A1","12/07/2020","B",1,1,2.22649,1.19029,6.22443,5.0929,0,0,1.0362,1.13153,0,2.16774,"R","096A1R",124.202353081689,"BR","1R","096A11","096A11R"
7," 096A1","12/07/2020","B",1,1,2.22649,0.0587558,0,0,0,0,2.16774,0,0,2.16774,"R","096A1R",124.202353081689,"BR","1R","096A11","096A11R"
7," 096A1","12/07/2020","B",1,1,4.89774,4.18067,2.78282,1.49949,0,0,0.717072,1.28333,0,2.00041,"R","096A1R",114.615050295765,"BR","1R","096A11","096A11R"
7," 096A1","12/07/2020","B",1,1,1.32582,0.785398,5.99713,5.71185,3.00904,2.62245,0.54042,0.285286,0.386595,1.2123,"R","096A1R",69.4596735037097,"BR","1R","096A11","096A11R"
7," 096A1","12/07/2020","B",1,1,5.90268,5.58093,4.35362,2.44685,0,0,0.321751,1.90676,0,2.22851,"R","096A1R",127.684217602699,"BR","1R","096A11","096A11R"
7," 096A1","12/07/2020","B",1,1,0.0624188,6.22443,4.88706,4.51499,2.62245,2.22649,0.121175,0.372067,0.395955,0.889197,"R","096A1R",50.9472352556943,"BR","1R","096A11","096A11R"
7," 096A1","12/07/2020","B",1,0,0.737815,3.2129,0,0,0,0,3.8081,0,0,3.8081,"E","096A1E",218.188057963769,"BE","1E","096A11","096A11E"
7," 096A1","12/07/2020","B",1,1,2.70175,2.31917,0.605545,0.302885,0,0,0.382576,0.30266,0,0.685236,"R","096A1R",39.2611307704265,"BR","1R","096A11","096A11R"
7," 096A1","12/07/2020","B",1,1,0.927295,0.380506,3.68201,3.2587,2.35619,1.87368,0.546789,0.423311,0.482513,1.45261,"R","096A1R",83.2284222784985,"BR","1R","096A11","096A11R"
7," 096A1","12/07/2020","B",1,1,2.65164,2.35619,6.15883,5.87077,4.52704,3.5221,0.295441,0.288055,1.00494,1.58844,"R","096A1R",91.0109080097605,"BR","1R","096A11","096A11R"
7," 096A1","12/07/2020","B",1,1,0.665969,0.321751,4.33188,3.42764,2.78282,2.35619,0.344219,0.904238,0.426627,1.67508,"R","096A1R",95.9750143467739,"BR","1R","096A11","096A11R"
7," 096A1","12/07/2020","B",1,1,2.26553,1.87368,0.286051,0,4.64997,4.05669,0.391853,0.286051,0.593277,1.27118,"R","096A1R",72.83324900144,"BR","1R","096A11","096A11R"
7," 096A1","12/07/2020","B",1,1,0.605545,0.165149,5.86496,5.49779,3.88354,3.20401,0.440396,0.367174,0.679528,1.4871,"R","096A1R",85.2045537139047,"BR","1R","096A11","096A11R"
7," 096A1","12/07/2020","B",1,1,5.76404,5.41465,4.71239,4.05669,3.40219,2.67795,0.349393,0.655695,0.72425,1.72934,"R","096A1R",99.0838833431538,"BR","1R","096A11","096A11R"
7," 096A1","12/07/2020","B",2,0,0.110657,3.79729,0,0,0,0,2.59655,0,0,2.59655,"E","096A1E",148.771356294694,"BE","2E","096A12","096A12E"
7," 096A1","12/07/2020","B",2,0,0.519146,0.0554985,5.45781,5.103,3.7159,3.00904,0.463648,0.354813,0.706856,1.52532,"E","096A1E",87.3943984068947,"BE","2E","096A12","096A12E"
7," 096A1","12/07/2020","B",2,0,0.231091,3.14159,0,0,0,0,3.37268,0,0,3.37268,"E","096A1E",193.240329648182,"BE","2E","096A12","096A12E"
7," 096A1","12/07/2020","B",2,0,5.9803,4.42634,2.85554,2.39965,0,0,1.55396,0.455896,0,2.00986,"E","096A1E",115.156495412164,"BE","2E","096A12","096A12E"
7," 096A1","12/07/2020","B",2,0,5.36808,3.20401,0,0,0,0,2.16407,0,0,2.16407,"E","096A1E",123.992077570876,"BE","2E","096A12","096A12E"
7," 096A1","12/07/2020","B",2,0,5.07116,1.70335,0,0,0,0,3.36781,0,0,3.36781,"E","096A1E",192.961299201954,"BE","2E","096A12","096A12E"
7," 096A1","12/07/2020","B",2,0,0.339293,3.92699,3.40219,1.92957,0,0,2.69549,1.47263,0,4.16812,"E","096A1E",238.815684504069,"BE","2E","096A12","096A12E"
7," 096A1","12/07/2020","B",2,0,3.19709,0.785398,0,0,0,0,2.41169,0,0,2.41169,"E","096A1E",138.179658493905,"BE","2E","096A12","096A12E"
7," 096A1","12/07/2020","B",2,0,2.39965,2.03444,0.436627,6.22077,4.09214,3.66074,0.365201,0.499046,0.431401,1.29565,"E","096A1E",74.2352767261251,"BE","2E","096A12","096A12E"
7," 096A1","12/07/2020","B",2,0,1.08084,0.380506,4.15379,3.60524,2.22649,1.74547,0.700333,0.548549,0.481023,1.72991,"E","096A1E",99.1165419374762,"BE","2E","096A12","096A12E"
7," 096A1","12/07/2020","B",2,0,3.14159,1.01914,0,0,0,0,2.12245,0,0,2.12245,"E","096A1E",121.607427227542,"BE","2E","096A12","096A12E"
7," 096A1","12/07/2020","B",2,0,1.05165,5.22478,0,0,0,0,2.11006,0,0,2.11006,"E","096A1E",120.897532519374,"BE","2E","096A12","096A12E"
7," 096A1","12/07/2020","B",2,0,5.76404,0.785398,0,0,0,0,4.97864,0,0,4.97864,"E","096A1E",285.255059715012,"BE","2E","096A12","096A12E"
7," 096A1","12/07/2020","B",2,1,2.08319,0.74542,5.92441,5.76404,3.32694,3.14159,1.33777,0.160376,0.185348,1.68349,"R","096A1R",96.456871852479,"BR","2R","096A12","096A12R"
7," 096A1","12/07/2020","B",2,1,0.965252,6.22443,3.68201,3.01724,0,0,1.02401,0.664774,0,1.68878,"R","096A1R",96.7599665261032,"BR","2R","096A12","096A12R"
7," 096A1","12/07/2020","B",2,1,2.60117,2.31274,0.694738,6.22443,4.83674,4.35362,0.288429,0.753494,0.483126,1.52505,"R","096A1R",87.3789285464262,"BR","2R","096A12","096A12R"
7," 096A1","12/07/2020","B",2,1,2.83871,1.74547,1.26791,1.05841,5.41465,4.89774,1.09324,0.209505,0.516909,1.81965,"R","096A1R",104.25826519098,"BR","2R","096A12","096A12R"
7," 096A1","12/07/2020","B",2,1,1.32582,1.03038,5.81954,5.30039,3.32694,3.08284,0.295441,0.519146,0.244104,1.05869,"R","096A1R",60.6584688127051,"BR","2R","096A12","096A12R"
7," 096A1","12/07/2020","B",2,1,6.06452,5.37836,4.09214,3.71293,2.8023,2.43934,0.686158,0.37921,0.362964,1.42833,"R","096A1R",81.8372807519209,"BR","2R","096A12","096A12R"
7," 096A1","12/07/2020","B",2,1,1.08084,0.915101,5.20235,4.71239,3.80756,2.89661,0.165738,0.489957,0.910948,1.56664,"R","096A1R",89.7618600163753,"BR","2R","096A12","096A12R"
7," 096A1","12/07/2020","B",2,1,1.33971,0.41241,4.4813,3.96697,3.19709,2.67795,0.927295,0.514329,0.519146,1.96077,"R","096A1R",112.343845595866,"BR","2R","096A12","096A12R"
7," 096A1","12/07/2020","B",2,1,0.185348,6.06452,5.1248,4.46741,3.81633,3.37268,0.404017,0.657389,0.44365,1.50506,"R","096A1R",86.2335859139597,"BR","2R","096A12","096A12R"
7," 096A1","12/07/2020","B",2,1,2.35619,2.03444,5.81954,5.45781,5.17604,4.71239,0.321751,0.361729,0.463647,1.14713,"R","096A1R",65.7257075528421,"BR","2R","096A12","096A12R"
7," 096A1","12/07/2020","B",2,1,5.33264,4.99844,2.65164,1.05165,0,0,0.334198,1.59999,0,1.93418,"R","096A1R",110.820350818614,"BR","2R","096A12","096A12R"
7," 096A1","12/07/2020","B",2,1,0.876058,6.22443,5.42102,4.95737,0,0,0.934814,0.463648,0,1.39846,"R","096A1R",80.1258558178651,"BR","2R","096A12","096A12R"
7," 096A1","12/07/2020","B",3,0,6.16608,3.33899,0,0,0,0,2.82709,0,0,2.82709,"E","096A1E",161.98032530364,"BE","3E","096A13","096A13E"
7," 096A1","12/07/2020","B",3,0,2.67795,2.35619,1.3734,5.81954,4.82305,4.01013,0.321751,1.83705,0.812914,2.97171,"E","096A1E",170.266440936822,"BE","3E","096A13","096A13E"
7," 096A1","12/07/2020","B",3,0,4.45179,2.43934,1.44644,0.174672,0,0,2.01245,1.27177,0,3.28422,"E","096A1E",188.171944992455,"BE","3E","096A13","096A13E"
7," 096A1","12/07/2020","B",3,0,5.84656,3.88701,2.47562,1.5708,0,0,1.95955,0.904827,0,2.86437,"E","096A1E",164.116311963888,"BE","3E","096A13","096A13E"
7," 096A1","12/07/2020","B",3,0,4.17197,1.3597,0,0,0,0,2.81227,0,0,2.81227,"E","096A1E",161.131201851256,"BE","3E","096A13","096A13E"
7," 096A1","12/07/2020","B",3,0,2.03444,1.81577,6.16608,5.01527,3.92699,3.69325,0.218669,1.1508,0.233743,1.60321,"E","096A1E",91.8571666731687,"BE","3E","096A13","096A13E"
7," 096A1","12/07/2020","B",3,0,1.80189,1.39612,5.72459,3.97044,0,0,0.405763,1.75414,0,2.15991,"E","096A1E",123.753727128102,"BE","3E","096A13","096A13E"
7," 096A1","12/07/2020","B",3,0,0,3.01724,0,0,0,0,3.26595,0,0,3.26595,"E","096A1E",187.125151100751,"BE","3E","096A13","096A13E"
7," 096A1","12/07/2020","B",3,0,5.42102,2.79857,0,0,0,0,2.62245,0,0,2.62245,"E","096A1E",150.255316984083,"BE","3E","096A13","096A13E"
7," 096A1","12/07/2020","B",3,0,0.358771,0.174672,5.30039,5.01527,2.85554,2.14213,0.184098,0.285118,0.713408,1.18262,"E","096A1E",67.7591347677614,"BE","3E","096A13","096A13E"
7," 096A1","12/07/2020","B",3,0,4.24874,3.76184,2.17634,0.588003,0,0,0.486899,1.58834,0,2.07524,"E","096A1E",118.902493476729,"BE","3E","096A13","096A13E"
7," 096A1","12/07/2020","B",3,0,1.13417,0.321751,6.08579,5.66294,4.17197,3.01724,0.812419,0.422854,1.15473,2.39,"E","096A1E",136.936913036267,"BE","3E","096A13","096A13E"
7," 096A1","12/07/2020","B",3,1,1.8314,0.632749,6.22769,5.70888,5.42102,4.88706,1.19865,0.518806,0.533954,2.25141,"R","096A1R",128.996290953549,"BR","3R","096A13","096A13R"
7," 096A1","12/07/2020","B",3,1,0.571337,5.7708,4.07964,2.96692,0,0,1.08373,1.11272,0,2.19645,"R","096A1R",125.84731491151,"BR","3R","096A13","096A13R"
7," 096A1","12/07/2020","B",3,1,2.39965,1.9513,0.132552,5.69518,4.17197,3.7296,0.448343,0.720554,0.442374,1.61127,"R","096A1R",92.3189706560441,"BR","3R","096A13","096A13R"
7," 096A1","12/07/2020","B",3,1,5.71185,5.14902,4.71239,4.22243,2.76109,1.19029,0.562832,0.489957,1.5708,2.62359,"R","096A1R",150.320634172728,"BR","3R","096A13","096A13R"
7," 096A1","12/07/2020","B",3,1,0.828849,0,5.46077,4.99844,4.22243,3.83633,0.828849,0.462327,0.386101,1.67728,"R","096A1R",96.1010650617027,"BR","3R","096A13","096A13R"
7," 096A1","12/07/2020","B",3,1,2.43934,1.24905,5.17604,4.59528,0,0,1.19029,0.580756,0,1.77105,"R","096A1R",101.473690306644,"BR","3R","096A13","096A13R"
7," 096A1","12/07/2020","B",3,1,2.76109,6.00489,0,0,0,0,3.03939,0,0,3.03939,"R","096A1R",174.144219294267,"BR","3R","096A13","096A13R"
7," 096A1","12/07/2020","B",3,1,1.1659,0.785398,0,5.74277,4.10684,2.92292,0.380506,0.540419,1.18392,2.10485,"R","096A1R",120.599021508111,"BR","3R","096A13","096A13R"
7," 096A1","12/07/2020","B",3,1,0.260602,6.17831,4.95737,4.4095,3.7296,3.14159,0.365479,0.547863,0.588002,1.50135,"R","096A1R",86.0210185719661,"BR","3R","096A13","096A13R"
7," 096A1","12/07/2020","B",3,1,1.92957,1.32582,5.45781,4.29998,0,0,0.603749,1.15783,0,1.76158,"R","096A1R",100.931099274656,"BR","3R","096A13","096A13R"
7," 096A1","12/07/2020","B",3,1,1.13839,0.825377,5.71185,4.8295,3.20401,2.97644,0.313012,0.88235,0.227567,1.42293,"R","096A1R",81.5278835425502,"BR","3R","096A13","096A13R"
7," 096A1","12/07/2020","B",3,1,0.741947,6.22769,5.53777,5.01527,4.12439,3.76184,0.797446,0.522492,0.362544,1.68248,"R","096A1R",96.3990031151708,"BR","3R","096A13","096A13R"
7," 096A1","12/07/2020","B",3,1,1.63322,1.13417,6.22769,5.90268,3.63553,3.2129,0.499046,0.325008,0.422634,1.24669,"R","096A1R",71.4300753611646,"BR","3R","096A13","096A13R"
7," 096A1","12/07/2020","B",3,1,0.950547,0.741947,0,0,0,0,0.2086,0,0,0.2086,"R","096A1R",11.951899606429,"BR","3R","096A13","096A13R"
7," 096A1","12/07/2020","B",3,1,5.49779,4.8295,3.88701,2.72918,0,0,0.668289,1.15783,0,1.82612,"R","096A1R",104.62896888443,"BR","3R","096A13","096A13R"
7," 104A1","16/07/2020","A",2,0,6.15883,5.58093,4.35362,2.62245,0,0,0.577902,1.73117,0,2.30907,"E","104A1E",132.299965600273,"AE","2E","104A12","104A12E"
7," 104A1","16/07/2020","A",2,0,0.694738,4.58803,0,0,0,0,2.38989,0,0,2.38989,"E","104A1E",136.93061050052,"AE","2E","104A12","104A12E"
7," 104A1","16/07/2020","A",2,0,5.66294,2.9105,0,0,0,0,2.75243,0,0,2.75243,"E","104A1E",157.702622405193,"AE","2E","104A12","104A12E"
7," 104A1","16/07/2020","A",2,0,5.71185,3.32694,0,0,0,0,2.38491,0,0,2.38491,"E","104A1E",136.645277518545,"AE","2E","104A12","104A12E"
7," 104A1","16/07/2020","A",2,0,4.4095,2.96692,2.39321,0.915101,0,0,1.44258,1.47811,0,2.9207,"E","104A1E",167.34378322386,"AE","2E","104A12","104A12E"
7," 104A1","16/07/2020","A",2,0,5.36808,2.39965,0,0,0,0,2.96844,0,0,2.96844,"E","104A1E",170.079083737814,"AE","2E","104A12","104A12E"
7," 104A1","16/07/2020","A",2,0,5.07116,4.14105,3.42764,2.96692,1.62955,1.08084,0.930109,0.460724,0.548713,1.93955,"E","104A1E",111.128029154599,"AE","2E","104A12","104A12E"
7," 104A1","16/07/2020","A",2,1,1.87368,1.50838,0.571337,0.358771,4.54724,3.83633,0.365304,0.212567,0.710909,1.28878,"R","104A1R",73.8416547208702,"AR","2R","104A12","104A12R"
7," 104A1","16/07/2020","A",2,1,0.605545,0.197396,4.01013,3.40219,1.76819,1.24905,0.408149,0.607937,0.519146,1.53523,"R","104A1R",87.9621995818694,"AR","2R","104A12","104A12R"
7," 104A1","16/07/2020","A",2,1,2.89661,2.22649,1.24905,0.0624188,0,0,0.670122,1.18663,0,1.85675,"R","104A1R",106.383938610916,"AR","2R","104A12","104A12R"
7," 104A1","16/07/2020","A",2,1,2.4859,0.965252,0.41241,0,0,0,1.52065,0.41241,0,1.93306,"R","104A1R",110.756179545559,"AR","2R","104A12","104A12R"
7," 104A1","16/07/2020","A",2,1,5.41465,5.01527,4.18431,3.77039,2.78282,2.14213,0.399372,0.413926,0.640688,1.45399,"R","104A1R",83.3074904542266,"AR","2R","104A12","104A12R"
7," 104A1","16/07/2020","A",2,1,1.05841,0.741947,5.01527,4.51499,3.71293,3.26595,0.31646,0.50028,0.446983,1.26372,"R","104A1R",72.4058224862724,"AR","2R","104A12","104A12R"
7," 104A1","16/07/2020","A",2,1,0.54042,6.05209,5.28373,4.54724,3.92699,3.63553,0.77151,0.736486,0.291457,1.79945,"R","104A1R",103.100890444816,"AR","2R","104A12","104A12R"
7," 104A1","16/07/2020","A",2,1,3.14159,2.39965,0.741947,0.655696,5.37836,5.07116,0.741947,0.0862517,0.307199,1.1354,"R","104A1R",65.0536280591537,"AR","2R","104A12","104A12R"
7," 104A1","16/07/2020","A",2,1,2.39617,1.75614,0.655696,0.244979,4.71239,3.7296,0.640029,0.410717,0.982794,2.03354,"R","104A1R",116.513259471033,"AR","2R","104A12","104A12R"
7," 105A1","16/07/2020","C",4,0,3.20035,2.81984,1.75614,1.26791,0.339293,5.87077,0.380506,0.488233,0.751703,1.62044,"E","105A1E",92.8443729541791,"CE","4E","105A14","105A14E"
7," 105A1","16/07/2020","C",4,1,1.50838,6.22769,0,0,0,0,1.56388,0,0,1.56388,"R","105A1R",89.6037236649192,"CR","4R","105A14","105A14R"
7," 105A1","16/07/2020","C",4,0,1.31019,0,5.33264,4.95737,3.77434,3.41989,1.31019,0.375271,0.354449,2.03991,"E","105A1E",116.878233586532,"CE","4E","105A14","105A14E"
7," 105A1","16/07/2020","C",4,0,0,1.9513,0,0,0,0,4.33188,0,0,4.33188,"E","105A1E",248.198441357131,"CE","4E","105A14","105A14E"
7," 105A1","16/07/2020","C",4,0,3.2587,2.65164,0.380506,0.104877,5.17604,4.64997,0.607066,0.275629,0.526066,1.40876,"E","105A1E",80.7160023468498,"CE","4E","105A14","105A14E"
7," 105A1","16/07/2020","C",4,0,2.72918,1.80189,0.110657,4.65689,0,0,0.927295,1.73695,0,2.66425,"E","105A1E",152.65028056773,"CE","4E","105A14","105A14E"
7," 105A1","16/07/2020","C",4,0,5.53777,4.93106,3.71293,2.06075,0,0,0.606708,1.65218,0,2.25888,"E","105A1E",129.424290426511,"CE","4E","105A14","105A14E"
7," 105A1","16/07/2020","C",4,0,5.96143,5.28373,4.24874,2.76109,0,0,0.677708,1.48766,0,2.16536,"E","105A1E",124.065989126448,"CE","4E","105A14","105A14E"
7," 105A1","16/07/2020","C",4,1,0.558599,5.90268,4.07964,2.08994,0,0,0.939106,1.9897,0,2.9288,"R","105A1R",167.807879037915,"CR","4R","105A14","105A14R"
7," 105A1","16/07/2020","C",4,1,5.37836,4.4813,2.95624,2.55359,1.5708,1.32582,0.89706,0.402655,0.244979,1.54469,"R","105A1R",88.5042176560631,"CR","4R","105A14","105A14R"
7," 105A1","16/07/2020","C",4,1,1.98321,0.950547,5.33264,4.88706,0,0,1.03266,0.445577,0,1.47824,"R","105A1R",84.6969131074188,"CR","4R","105A14","105A14R"
7," 105A1","16/07/2020","C",4,1,3.74714,3.32694,1.13417,0.0624188,5.58845,5.17604,0.420197,1.07175,0.412411,1.90436,"R","105A1R",109.111790673533,"CR","4R","105A14","105A14R"
7," 105A1","16/07/2020","C",4,1,0.915101,5.91229,4.71239,4.4095,3.88354,3.53638,1.28599,0.302885,0.347156,1.93603,"R","105A1R",110.926348010713,"CR","4R","105A14","105A14R"
7," 105A1","16/07/2020","C",4,1,1.10715,0.463648,5.81954,5.53777,4.4813,4.06889,0.643501,0.281772,0.412411,1.33768,"R","105A1R",76.64341833906,"CR","4R","105A14","105A14R"
7," 107A1","17/07/2020","B",3,0,6.15883,3.71293,0,0,0,0,2.4459,0,0,2.4459,"E","107A1E",140.139747111048,"BE","3E","107A13","107A13E"
7," 107A1","17/07/2020","B",3,0,0.117109,4.94348,4.46741,2.95624,0,0,1.45681,1.51117,0,2.96798,"E","107A1E",170.052727679238,"BE","3E","107A13","107A13E"
7," 107A1","17/07/2020","B",3,0,0.0713075,4.27255,0,0,0,0,2.08195,0,0,2.08195,"E","107A1E",119.286948157262,"BE","3E","107A13","107A13E"
7," 107A1","17/07/2020","B",3,0,5.66294,3.07502,0,0,0,0,2.58791,0,0,2.58791,"E","107A1E",148.276320759701,"BE","3E","107A13","107A13E"
7," 107A1","17/07/2020","B",3,0,2.9305,0.74542,0,0,0,0,2.18508,0,0,2.18508,"E","107A1E",125.195861898446,"BE","3E","107A13","107A13E"
7," 107A1","17/07/2020","B",3,0,4.97299,2.19105,0,0,0,0,2.78195,0,0,2.78195,"E","107A1E",159.393993816419,"BE","3E","107A13","107A13E"
7," 107A1","17/07/2020","B",3,0,3.5221,2.26553,1.10715,0.197396,0,0,1.25656,0.909753,0,2.16632,"E","107A1E",124.12099307478,"BE","3E","107A13","107A13E"
7," 107A1","17/07/2020","B",3,0,2.35619,1.97569,0.343024,0.0624188,4.22243,3.79729,0.380506,0.280605,0.425143,1.08625,"E","107A1E",62.2375404960857,"BE","3E","107A13","107A13E"
7," 107A1","17/07/2020","B",3,0,5.53481,2.0032,0,0,0,0,3.5316,0,0,3.5316,"E","107A1E",202.345774928402,"BE","3E","107A13","107A13E"
7," 107A1","17/07/2020","B",3,0,0.965252,0.404892,5.69518,3.14159,0,0,0.56036,2.55359,0,3.11395,"E","107A1E",178.416192614763,"BE","3E","107A13","107A13E"
7," 107A1","17/07/2020","B",3,0,2.2143,1.3734,0.0587558,6.05209,5.05168,4.24874,0.840897,0.289847,0.80294,1.93368,"E","107A1E",110.791702928857,"BE","3E","107A13","107A13E"
7," 107A1","17/07/2020","B",3,0,2.03444,1.3597,0.551655,0.211093,4.8295,3.2587,0.674741,0.340562,1.5708,2.5861,"E","107A1E",148.172615398782,"BE","3E","107A13","107A13E"
7," 107A1","17/07/2020","B",3,0,4.99844,4.06889,3.08284,1.44644,0,0,0.929553,1.6364,0,2.56595,"E","107A1E",147.018105441594,"BE","3E","107A13","107A13E"
7," 107A1","17/07/2020","B",3,1,4.94348,4.4813,3.20035,2.78282,2.01064,1.63322,0.462181,0.417526,0.377424,1.25713,"R","107A1R",72.0282432992812,"BR","3R","107A13","107A13R"
7," 107A1","17/07/2020","B",3,1,2.76109,2.22649,1.68791,1.31019,5.67764,4.35362,0.534594,0.377711,1.32402,2.23633,"R","107A1R",128.132270598491,"BR","3R","107A13","107A13R"
7," 107A1","17/07/2020","B",3,1,3.08609,2.81984,1.8314,1.24905,0.197396,5.40713,0.266252,0.582353,1.07345,1.92206,"R","107A1R",110.125925970915,"BR","3R","107A13","107A13R"
7," 107A1","17/07/2020","B",3,1,2.7367,1.89255,5.66294,4.84494,0,0,0.844154,0.817995,0,1.66215,"R","107A1R",95.2341799176698,"BR","3R","107A13","107A13R"
7," 107A1","17/07/2020","B",3,1,1.69515,0,0,0,0,0,1.69515,0,0,1.69515,"R","107A1R",97.1249406416015,"BR","3R","107A13","107A13R"
7," 107A1","17/07/2020","B",3,1,1.13839,0.942,4.71239,4.27576,0,0,0.196388,0.436627,0,0.633015,"R","107A1R",36.2690878684738,"BR","3R","107A13","107A13R"
7," 107A1","17/07/2020","B",3,1,1.24905,0.832981,0.104877,5.99713,0,0,0.416064,0.390929,0,0.806993,"R","107A1R",46.2372929966008,"BR","3R","107A13","107A13R"
7," 107A1","17/07/2020","B",3,1,1.64757,0.785398,5.79323,4.84494,0,0,0.86217,0.948287,0,1.81046,"R","107A1R",103.731716977255,"BR","3R","107A13","107A13R"
7," 107A1","17/07/2020","B",3,1,1.05165,0.785398,5.01527,4.71239,3.08284,2.85554,0.266252,0.302885,0.227296,0.796433,"R","107A1R",45.6322495649427,"BR","3R","107A13","107A13R"
7," 107A1","17/07/2020","B",3,1,1.92957,1.69515,5.62749,5.40713,4.94348,4.57984,0.234416,0.220362,0.363642,0.81842,"R","107A1R",46.8920118690968,"BR","3R","107A13","107A13R"
7," 107A1","17/07/2020","B",3,1,2.1588,1.32582,0.694738,0.436627,5.14902,4.12439,0.832981,0.258111,1.02463,2.11572,"R","107A1R",121.221826631419,"BR","3R","107A13","107A13R"
7," 107A1","17/07/2020","B",3,1,0.896055,4.53772,0,0,0,0,2.64152,0,0,2.64152,"R","107A1R",151.347947499397,"BR","3R","107A13","107A13R"
7," 107A1","17/07/2020","B",3,1,4.77481,4.64582,2.9105,0.927295,0,0,0.128987,1.98321,0,2.11219,"R","107A1R",121.019572529737,"BR","3R","107A13","107A13R"
7," 107A1","17/07/2020","B",3,1,0,0,0,0,0,0,0,0,0,0,"R","107A1R",0,"BR","3R","107A13","107A13R"
7," 107A1","17/07/2020","B",3,1,3.66074,3.40219,1.19029,0.785398,5.27099,4.76789,0.258544,0.404892,0.503101,1.16654,"R","107A1R",66.837818633191,"BR","3R","107A13","107A13R"
7," 107A1","17/07/2020","B",3,1,0.915101,0.165149,5.79323,5.23153,4.10684,3.60524,0.749952,0.561693,0.501604,1.81325,"R","107A1R",103.891572202097,"BR","3R","107A13","107A13R"
7," 108A1","17/07/2020","C",1,0,6.05209,5.66294,5.01527,3.554,2.57026,2.19105,0.389159,1.46127,0.37921,2.22964,"E","108A1E",127.748961833549,"CE","1E","108A11","108A11E"
7," 108A1","17/07/2020","C",1,0,5.42102,3.01724,0,0,0,0,2.40378,0,0,2.40378,"E","108A1E",137.726448877957,"CE","1E","108A11","108A11E"
7," 108A1","17/07/2020","C",1,0,1.26791,5.33264,0,0,0,0,2.21846,0,0,2.21846,"E","108A1E",127.108395018593,"CE","1E","108A11","108A11E"
7," 108A1","17/07/2020","C",1,0,5.14902,2.08994,0,0,0,0,3.05907,0,0,3.05907,"E","108A1E",175.271800235085,"CE","1E","108A11","108A11E"
7," 108A1","17/07/2020","C",1,0,2.55359,5.53777,0,0,0,0,3.29901,0,0,3.29901,"E","108A1E",189.019349571454,"CE","1E","108A11","108A11E"
7," 108A1","17/07/2020","C",1,0,2.58299,2.11122,0,0,0,0,0.471777,0,0,0.471777,"E","108A1E",27.0308309713434,"CE","1E","108A11","108A11E"
7," 108A1","17/07/2020","C",1,0,4.83674,2.43934,0,0,0,0,2.39741,0,0,2.39741,"E","108A1E",137.361474762459,"CE","1E","108A11","108A11E"
7," 108A1","17/07/2020","C",1,1,3.57822,3.07917,0.876058,0.436627,6.15063,4.71239,0.499046,0.439431,1.43824,2.37672,"R","108A1R",136.176025084333,"CR","1R","108A11","108A11R"
7," 108A1","17/07/2020","C",1,1,0,0,0,0,0,0,0,0,0,0,"R","108A1R",0,"CR","1R","108A11","108A11R"
7," 108A1","17/07/2020","C",1,1,0.868539,0.260602,4.22243,3.77434,2.95624,2.7367,0.607937,0.44809,0.219544,1.27557,"R","108A1R",73.0847774735024,"CR","1R","108A11","108A11R"
7," 108A1","17/07/2020","C",1,1,3.71293,2.35619,0.489957,0,0,0,1.35674,0.489957,0,1.84669,"R","108A1R",105.807543069014,"CR","1R","108A11","108A11R"
7," 108A1","17/07/2020","C",1,1,3.79729,2.22649,0,0,0,0,1.5708,0,0,1.5708,"R","108A1R",90.0002104591497,"CR","1R","108A11","108A11R"
7," 108A1","17/07/2020","C",1,1,2.06075,1.63322,0.950547,0.915101,4.83674,4.57984,0.427539,0.0354462,0.256907,0.719891,"R","108A1R",41.2467160094523,"CR","1R","108A11","108A11R"
7," 108A1","17/07/2020","C",1,1,2.4859,2.22649,0.302885,0.124355,4.46741,4.10684,0.259405,0.17853,0.360566,0.798501,"R","108A1R",45.7507372369757,"CR","1R","108A11","108A11R"
7," 109A1","18/07/2020","A",1,0,2.76109,1.5708,4.98334,3.40219,0,0,1.19029,1.58114,0,2.77143,"E","109A1E",158.791242215942,"AE","1E","109A11","109A11E"
7," 109A1","18/07/2020","A",1,0,0.655696,0.117109,4.58803,4.24874,3.25225,2.72918,0.538587,0.339293,0.523068,1.40095,"E","109A1E",80.2685223088527,"AE","1E","109A11","109A11E"
7," 109A1","18/07/2020","A",1,0,6.09784,5.49779,4.33188,2.70497,0,0,0.60005,1.62692,0,2.22697,"E","109A1E",127.595982102249,"AE","1E","109A11","109A11E"
7," 109A1","18/07/2020","A",1,0,1.45369,0.286051,5.87077,4.09214,0,0,1.16764,1.77864,0,2.94627,"E","109A1E",168.808836306009,"AE","1E","109A11","109A11E"
7," 109A1","18/07/2020","A",1,0,3.76184,1.43824,0,5.20235,0,0,2.3236,1.08084,0,3.40444,"E","109A1E",195.060043605518,"AE","1E","109A11","109A11E"
7," 109A1","18/07/2020","A",1,0,2.47562,1.8314,1.24905,0.876058,5.99713,5.1248,0.644225,0.372988,0.872334,1.88955,"E","109A1E",108.263240178945,"AE","1E","109A11","109A11E"
7," 109A1","18/07/2020","A",1,0,5.62749,4.17197,3.20035,1.70335,0,0,1.45552,1.497,0,2.95252,"E","109A1E",169.166934927966,"AE","1E","109A11","109A11E"
7," 109A1","18/07/2020","A",1,0,5.15223,4.04642,3.69325,2.9105,2.52134,0.741947,1.10581,0.782746,1.7794,3.66795,"E","109A1E",210.15805446501,"AE","1E","109A11","109A11E"
7," 109A1","18/07/2020","A",1,1,0.741947,0.390607,6.16608,4.95737,3.83633,3.32694,0.35134,1.20871,0.50939,2.06944,"R","109A1R",118.570177955553,"AR","1R","109A11","109A11R"
7," 109A1","18/07/2020","A",1,1,1.69515,0.694738,4.71239,4.09214,0,0,1.00041,0.620249,0,1.62066,"R","109A1R",92.856978025672,"AR","1R","109A11","109A11R"
7," 109A1","18/07/2020","A",1,1,2.43934,2.08994,0.825377,0.62025,5.66294,4.4813,0.349393,0.205127,1.18164,1.73616,"R","109A1R",99.474640559433,"AR","1R","109A11","109A11R"
7," 109A1","18/07/2020","A",1,1,2.62245,2.2143,0.868539,0.655696,6.03821,5.62749,0.408149,0.212844,0.410717,1.03171,"R","109A1R",59.1126286814422,"AR","1R","109A11","109A11R"
7," 109A1","18/07/2020","A",1,1,2.00742,1.63736,4.95737,3.27414,0,0,0.370059,1.68322,0,2.05328,"R","109A1R",117.644278158622,"AR","1R","109A11","109A11R"
7," 109A1","18/07/2020","A",1,1,2.89661,1.89255,0.950547,0.302885,5.37836,4.99844,1.00407,0.647662,0.379918,2.03165,"R","109A1R",116.404970447754,"AR","1R","109A11","109A11R"
7," 109A1","18/07/2020","A",1,1,3.07917,1.62955,0,0,0,0,1.44962,0,0,1.44962,"R","109A1R",83.0571078977544,"AR","1R","109A11","109A11R"
7," 109A1","18/07/2020","A",1,1,1.39612,5.76404,0,0,0,0,1.91527,0,0,1.91527,"R","109A1R",109.736887628021,"AR","1R","109A11","109A11R"
7," 109A1","18/07/2020","A",1,1,5.71646,2.35619,0,0,0,0,3.36026,0,0,3.36026,"R","109A1R",192.52871606663,"AR","1R","109A11","109A11R"
7," 114A2","19/07/2020","C",4,0,5.71185,5.20235,4.24874,2.85554,0,0,0.509501,1.3932,0,1.9027,"E","114A2E",109.016679679542,"CE","4E","114A24","114A24E"
7," 114A2","19/07/2020","C",4,0,2.64765,1.50423,5.81954,5.28373,4.76789,4.27576,1.14342,0.535811,0.492126,2.17136,"E","114A2E",124.409763803526,"CE","4E","114A24","114A24E"
7," 114A2","19/07/2020","C",4,0,0.605545,0,5.30039,4.01013,0,0,0.605545,1.29026,0,1.8958,"E","114A2E",108.621338800901,"CE","4E","114A24","114A24E"
7," 114A2","19/07/2020","C",4,0,0.436627,5.81954,4.4813,3.63155,0,0,0.900275,0.849748,0,1.75002,"E","114A2E",100.268760063484,"CE","4E","114A24","114A24E"
7," 114A2","19/07/2020","C",4,0,2.12245,0.950547,0,0,0,0,1.1719,0,0,1.1719,"E","114A2E",67.1449240113812,"CE","4E","114A24","114A24E"
7," 114A2","19/07/2020","C",4,0,4.71239,4.24874,3.84385,1.32582,0,0,0.463647,2.51803,0,2.98168,"E","114A2E",170.837679858567,"CE","4E","114A24","114A24E"
7," 114A2","19/07/2020","C",4,0,3.46334,0.999459,0,0,0,0,2.46388,0,0,2.46388,"E","114A2E",141.169925226693,"CE","4E","114A24","114A24E"
7," 114A2","19/07/2020","C",4,0,2.85554,0.62025,5.07956,4.07964,0,0,2.23529,0.999923,0,3.23521,"E","114A2E",185.363878838519,"CE","4E","114A24","114A24E"
7," 114A2","19/07/2020","C",4,0,2.7367,0,0,0,0,0,2.7367,0,0,2.7367,"E","114A2E",156.801359793452,"CE","4E","114A24","114A24E"
7," 114A2","19/07/2020","C",4,0,3.68201,2.4859,0.463648,5.66294,0,0,1.19612,1.0839,0,2.28001,"E","114A2E",130.634950247623,"CE","4E","114A24","114A24E"
7," 114A2","19/07/2020","C",4,0,5.92441,5.31468,4.49372,3.80756,2.89661,1.87368,0.609738,0.686158,1.02293,2.31883,"E","114A2E",132.859172408321,"CE","4E","114A24","114A24E"
7," 114A2","19/07/2020","C",4,0,5.14902,4.52704,3.50036,2.27942,0.302885,0.0587558,0.621975,1.22094,0.244129,2.08704,"E","114A2E",119.578583674983,"CE","4E","114A24","114A24E"
7," 114A2","19/07/2020","C",4,0,2.55359,2.03444,1.13417,5.36808,0,0,0.519146,2.04927,0,2.56842,"E","114A2E",147.159626016991,"CE","4E","114A24","114A24E"
7," 114A2","19/07/2020","C",4,1,2.43934,2.00742,6.22443,5.94389,4.22243,3.76184,0.431912,0.280537,0.460589,1.17304,"R","114A2R",67.2102412000261,"CR","4R","114A24","114A24R"
7," 114A2","19/07/2020","C",4,1,6.16608,5.94389,4.76789,4.35362,3.2587,2.57026,0.222184,0.414269,0.688446,1.3249,"R","114A2R",75.9111782768828,"CR","4R","114A24","114A24R"
7," 114A2","19/07/2020","C",4,1,0,5.84334,5.49779,5.103,3.50036,2.96692,0.439843,0.394791,0.533443,1.36808,"R","114A2R",78.3852100362577,"CR","4R","114A24","114A24R"
7," 114A2","19/07/2020","C",4,1,1.81577,0.999459,4.95737,4.64997,4.2,4.01013,0.816316,0.307397,0.189867,1.31358,"R","114A2R",75.2625900527947,"CR","4R","114A24","114A24R"
7," 114A2","19/07/2020","C",4,1,1.92957,1.45369,5.58093,5.19929,4.49372,3.79729,0.475879,0.38164,0.696432,1.55395,"R","114A2R",89.0347765743543,"CR","4R","114A24","114A24R"
7," 114A2","19/07/2020","C",4,1,2.43934,2.06075,0.62025,0.231091,5.66294,4.97299,0.378582,0.389159,0.689944,1.45769,"R","114A2R",83.519484838425,"CR","4R","114A24","114A24R"
7," 114A2","19/07/2020","C",4,1,5.90268,5.67764,4.00376,2.58994,0,0,0.225039,1.41383,0,1.63886,"R","114A2R",93.8997612128101,"CR","4R","114A24","114A24R"
7," 114A2","19/07/2020","C",4,1,1,3.01724,2.39617,0.218669,6.16608,5.42102,4.77114,0.621064,0.335778,0.64987,"R","114A2R",37.2348082321668,"CR","4R","114A24","114A24R"
1.60671,"","","",NA,NA,NA,NA,NA,NA,NA,NA,NA,NA,NA,NA,NA,"NA",NA,"NA","NANA","NA","NANA"
7," 114A2","19/07/2020","C",4,1,1,2.4859,1.9513,6.03821,5.49779,4.2,3.97044,0.534594,0.54042,0.229558,"R","114A2R",13.1527045534642,"CR","4R","114A24","114A24R"
1.30457,"","","",NA,NA,NA,NA,NA,NA,NA,NA,NA,NA,NA,NA,NA,"NA",NA,"NA","NANA","NA","NANA"
7," 114A2","19/07/2020","C",4,1,1,4.35362,1.91382,0,0,0,0,2.4398,0,0,"R","114A2R",0,"CR","4R","114A24","114A24R"
2.4398,"","","",NA,NA,NA,NA,NA,NA,NA,NA,NA,NA,NA,NA,NA,"NA",NA,"NA","NANA","NA","NANA"
7," 114A2","19/07/2020","C",4,1,1,1.13417,0.571337,4.51499,3.92699,0,0,0.562832,0.588003,0,"R","114A2R",0,"CR","4R","114A24","114A24R"
1.15083,"","","",NA,NA,NA,NA,NA,NA,NA,NA,NA,NA,NA,NA,NA,"NA",NA,"NA","NANA","NA","NANA"
7," 114A2","19/07/2020","C",4,1,1.70335,1.31019,5.9803,5.74277,4.09214,3.68201,0.393154,0.237535,0.410128,1.04082,"R","114A2R",59.6345932328063,"CR","4R","114A24","114A24R"
7," 115A2","19/07/2020","B",2,0,5.87077,1.71269,0,0,0,0,4.15808,0,0,4.15808,"E","115A2E",238.240434877757,"BE","2E","115A22","115A22E"
7," 115A2","19/07/2020","B",2,0,2.1294,4.33188,0,0,0,0,4.0807,0,0,4.0807,"E","115A2E",233.806887459035,"BE","2E","115A22","115A22E"
7," 115A2","19/07/2020","B",2,0,6.08579,3.20035,0,0,0,0,2.88544,0,0,2.88544,"E","115A2E",165.323534038228,"BE","2E","115A22","115A22E"
7," 115A2","19/07/2020","B",2,0,0.702257,0.339293,5.37836,3.38657,0,0,0.362964,1.99179,0,2.35475,"E","115A2E",134.917236808431,"BE","2E","115A22","115A22E"
7," 115A2","19/07/2020","B",2,0,1.50423,4.89774,0,0,0,0,2.88968,0,0,2.88968,"E","115A2E",165.566468143364,"BE","2E","115A22","115A22E"
7," 115A2","19/07/2020","B",2,0,0.302885,4.59528,0,0,0,0,1.99079,0,0,1.99079,"E","115A2E",114.063864896849,"BE","2E","115A22","115A22E"
7," 115A2","19/07/2020","B",2,0,2.88099,2.22649,1.1659,0.737815,5.76404,5.37836,0.654498,0.428089,0.385681,1.46827,"E","115A2E",84.1256741856734,"BE","2E","115A22","115A22E"
7," 115A2","19/07/2020","B",2,0,2.9105,2.27305,1.3734,6.14129,0,0,0.637449,1.5153,0,2.15275,"E","115A2E",123.343489346788,"BE","2E","115A22","115A22E"
7," 115A2","19/07/2020","B",2,0,6.16608,5.7708,5.20235,4.39064,3.34909,2.49809,0.395281,0.811708,0.850997,2.05799,"E","115A2E",117.914141280128,"BE","2E","115A22","115A22E"
7," 115A2","19/07/2020","B",2,0,5.66294,2.19105,0,0,0,0,3.47189,0,0,3.47189,"E","115A2E",198.924643933675,"BE","2E","115A22","115A22E"
7," 115A2","19/07/2020","B",2,0,2.53605,1.91382,0.665969,4.77114,4.1101,3.60524,0.622228,2.17801,0.504861,3.3051,"E","115A2E",189.368280868688,"BE","2E","115A22","115A22E"
7," 115A2","19/07/2020","B",2,0,1.50838,0.876058,0.404892,0,5.41465,4.16073,0.63232,0.404892,1.25391,2.29112,"E","115A2E",131.271506358013,"BE","2E","115A22","115A22E"
7," 115A2","19/07/2020","B",2,0,4.90978,3.5322,2.88099,1.9614,0,0,1.37758,0.919587,0,2.29717,"E","115A2E",131.618145824067,"BE","2E","115A22","115A22E"
7," 115A2","19/07/2020","B",2,0,4.12439,0.528074,0,0,0,0,3.59631,0,0,3.59631,"E","115A2E",206.053384820693,"BE","2E","115A22","115A22E"
7," 115A2","19/07/2020","B",2,1,3.79729,3.38657,2.19105,0.643501,0,0,0.410717,1.54754,0,1.95826,"R","115A2R",112.200033189289,"BR","2R","115A22","115A22R"
7," 115A2","19/07/2020","B",2,1,4.89774,4.65689,3.54648,3.14159,1.9513,1.43824,0.240847,0.404892,0.513058,1.1588,"R","115A2R",66.3943492997598,"BR","2R","115A22","115A22R"
7," 115A2","19/07/2020","B",2,1,0.655696,0.231091,5.58845,5.23153,3.79729,2.70918,0.424605,0.356912,1.0881,1.86962,"R","115A2R",107.121335293249,"BR","2R","115A22","115A22R"
7," 115A2","19/07/2020","B",2,1,5.7708,5.42102,3.14159,2.78282,1.3734,0.965252,0.349781,0.358771,0.408149,1.1167,"R","115A2R",63.982196982259,"BR","2R","115A22","115A22R"
7," 115A2","19/07/2020","B",2,1,5.62749,3.54648,0,0,0,0,2.08101,0,0,2.08101,"R","115A2R",119.233090124519,"BR","2R","115A22","115A22R"
7," 115A2","19/07/2020","B",2,1,5.74277,4.8295,4.22243,3.78509,2.55359,2.22649,0.913268,0.437338,0.327098,1.6777,"R","115A2R",96.1251292890982,"BR","2R","115A22","115A22R"
7," 115A2","19/07/2020","B",2,1,0.904827,0.605545,4.52704,4.39064,1.89255,1.50423,0.299282,0.136403,0.388319,0.824004,"R","115A2R",47.2119515018979,"BR","2R","115A22","115A22R"
7," 115A2","19/07/2020","B",2,1,3.20035,2.9105,2.31622,1.9513,0.571337,4.22243,0.289846,0.364913,2.63209,3.28685,"R","115A2R",188.322632892575,"BR","2R","115A22","115A22R"
7," 115A2","19/07/2020","B",2,1,2.43297,2.19105,0.41241,0.185348,4.82305,4.00376,0.241921,0.227062,0.819283,1.28827,"R","115A2R",73.8124338733186,"BR","2R","115A22","115A22R"
7," 115A2","19/07/2020","B",2,1,1.81577,0.358771,4.95737,4.58803,3.50036,3.14159,1.457,0.369333,0.358771,2.18511,"R","115A2R",125.197580771831,"BR","2R","115A22","115A22R"
7," 115A2","19/07/2020","B",2,1,4.09214,2.95624,0,5.61722,0,0,1.1359,0.665969,0,1.80186,"R","115A2R",103.238973273443,"BR","2R","115A22","115A22R"
7," 115A2","19/07/2020","B",2,1,1.74547,1.50838,5.28373,4.86899,3.38657,2.9105,0.237091,0.414736,0.476069,1.1279,"R","115A2R",64.6239097128056,"BR","2R","115A22","115A22R"
7," 119A2","22/07/2020","B",3,0,0.117109,5.17604,2.35619,1.74547,0,0,1.22426,0.610726,0,1.83498,"E","119A2E",105.136609490916,"BE","3E","119A23","119A23E"
7," 119A2","22/07/2020","B",3,0,2.95624,2.44685,6.03821,4.95737,0,0,0.50939,1.08084,0,1.59023,"E","119A2E",91.1134674550889,"BE","3E","119A23","119A23E"
7," 119A2","22/07/2020","B",3,0,6.05209,4.3731,2.39965,1.26791,0,0,1.679,1.13173,0,2.81073,"E","119A2E",161.042966350806,"BE","3E","119A23","119A23E"
7," 119A2","22/07/2020","B",3,0,5.62749,4.76789,2.26553,1.78189,0,0,0.859602,0.483645,0,1.34325,"E","119A2E",76.9625558309478,"BE","3E","119A23","119A23E"
7," 119A2","22/07/2020","B",3,0,2.72918,1.13417,4.99844,4.4813,0,0,1.59501,0.517142,0,2.11215,"E","119A2E",121.017280698557,"BE","3E","119A23","119A23E"
7," 119A2","22/07/2020","B",3,1,1.26791,0.197396,4.06889,3.07917,0,0,1.07052,0.989714,0,2.06023,"R","119A2R",118.042483826238,"BR","3R","119A23","119A23R"
7," 119A2","22/07/2020","B",3,1,4.33188,2.35619,0,0,0,0,1.97569,0,0,1.97569,"R","119A2R",113.198698626202,"BR","3R","119A23","119A23R"
7," 119A2","22/07/2020","B",3,1,3.27414,2.4859,5.79323,5.17604,0,0,0.788247,0.617192,0,1.40544,"R","119A2R",80.5257803588664,"BR","3R","119A23","119A23R"
7," 119A2","22/07/2020","B",3,0,1.31019,5.25281,2.67795,2.24554,0,0,2.34057,0.432408,0,2.77298,"E","119A2E",158.880050674187,"BE","3E","119A23","119A23E"
7," 119A2","22/07/2020","B",3,1,3.07917,2.5128,6.15063,4.99069,0,0,0.566377,1.15995,0,1.72632,"R","119A2R",98.9108500890243,"BR","3R","119A23","119A23R"
7," 119A2","22/07/2020","B",3,0,5.37836,4.4095,3.48462,2.26553,0,0,0.968854,1.21908,0,2.18794,"E","119A2E",125.359727827853,"BE","3E","119A23","119A23E"
7," 119A2","22/07/2020","B",3,0,0.0665682,5.96143,4.82305,3.2587,0,0,0.388319,1.56434,0,1.95266,"E","119A2E",111.879176824015,"BE","3E","119A23","119A23E"
7," 119A2","22/07/2020","B",3,1,0.950547,0.588003,4.65363,3.97044,3.20401,2.7367,0.362544,0.683191,0.467311,1.51305,"R","119A2R",86.6913791922692,"BR","3R","119A23","119A23R"
7," 119A2","22/07/2020","B",3,1,0.785398,0.54042,4.93106,4.42634,2.83871,2.62245,0.244979,0.50472,0.216261,0.96596,"R","119A2R",55.345431178457,"BR","3R","119A23","119A23R"
7," 119A2","22/07/2020","B",3,1,1.5153,1.32582,4.65363,4.04642,2.60117,2.08994,0.18948,0.607213,0.511231,1.30792,"R","119A2R",74.9382959407506,"BR","3R","119A23","119A23R"
