shape, expt,date,hive,tab, isRandom, angle00, angle01,angle10, angle11,angle20, angle21,angle0, angle1,angle2, angleSum
7, 090A1,09/07/2020,B,1,0,0.519146,3.40219,0,0,0,0,3.40014,0,0,3.40014
7, 090A1,09/07/2020,B,1,0,5.54124,2.31622,0,0,0,0,3.22502,0,0,3.22502
7, 090A1,09/07/2020,B,1,1,2.35619,1.38545,1.05165,0.380506,6.21662,5.75511,0.970746,0.671144,0.461506,2.1034
7, 090A1,09/07/2020,B,1,1,1.68791,1.45369,0.343024,0,0,0,0.234218,0.343024,0,0.577241
7, 090A1,09/07/2020,B,1,1,1.50838,1.13417,5.90268,5.31793,2.60117,2.20355,0.374208,0.584745,0.397628,1.35658
7, 091A1,09/07/2020,A,1,0,4.77114,1.62955,0,0,0,0,3.14159,0,0,3.14159
7, 091A1,09/07/2020,A,1,0,3.07502,1.31019,0.999459,5.94016,0,0,1.76483,1.34248,0,3.10731
7, 091A1,09/07/2020,A,1,0,3.42764,2.52134,1.98321,0.785398,0,0,0.906301,1.19781,0,2.10411
7, 091A1,09/07/2020,A,1,0,5.81954,3.42764,0,0,0,0,2.39189,0,0,2.39189
7, 091A1,09/07/2020,A,1,0,0.519146,6.21662,4.1101,2.52134,0,0,0.585714,1.58876,0,2.17447
7, 091A1,09/07/2020,A,1,0,1.98321,1.76819,0.218669,3.42764,0,0,0.215015,3.07421,0,3.28923
7, 091A1,09/07/2020,A,1,0,2.57026,1.62955,0.737815,5.07116,0,0,0.940703,1.94984,0,2.89054
7, 091A1,09/07/2020,A,1,0,4.86899,2.14213,0,0,0,0,2.72686,0,0,2.72686
7, 091A1,09/07/2020,A,1,0,0.665969,5.45434,3.48462,3.01724,0,0,1.49482,0.467379,0,1.9622
7, 091A1,09/07/2020,A,1,1,5.71185,5.42648,4.71239,4.42634,1.5708,1.22777,0.285368,0.286051,0.343024,0.914443
7, 091A1,09/07/2020,A,1,1,0,5.31793,2.70918,1.50838,0,0,0.965252,1.20081,0,2.16606
7, 091A1,09/07/2020,A,1,1,1.76819,1.44644,6.05209,5.20235,3.20401,2.88099,0.321751,0.849748,0.323021,1.49452
7, 091A1,09/07/2020,A,1,1,0.828849,0.489957,5.76404,5.30039,4.42634,3.74714,0.338892,0.463647,0.6792,1.48174
7, 091A1,09/07/2020,A,1,1,1.05165,0.702257,5.45781,5.1248,4.17197,3.69325,0.349393,0.333009,0.478722,1.16112
7, 091A1,09/07/2020,A,1,1,0.785398,0.321751,4.52704,4.24874,2.70497,2.35619,0.463648,0.278299,0.348771,1.09072
7, 091A1,09/07/2020,A,1,1,1.5708,1.19029,5.61722,5.33264,4.04642,3.83633,0.380506,0.284578,0.210089,0.875173
7, 091A1,09/07/2020,A,1,1,6.21188,5.53777,3.96401,3.87941,2.11122,1.68791,0.674112,0.0846033,0.423311,1.18203
7, 093A1,11/07/2020,B,1,0,2.08319,6.15883,5.20235,4.71239,3.44448,2.85554,2.20754,0.489957,0.588936,3.28643
7, 093A1,11/07/2020,B,1,0,2.26553,5.58845,0,0,0,0,2.96027,0,0,2.96027
7, 093A1,11/07/2020,B,1,0,0.54042,0.286051,5.53777,3.14159,0,0,0.254368,2.39617,0,2.65054
7, 093A1,11/07/2020,B,1,0,2.57026,5.58845,0,0,0,0,3.26499,0,0,3.26499
7, 093A1,11/07/2020,B,1,0,0.868539,0.571337,5.94389,3.20035,0,0,0.297202,2.74354,0,3.04075
7, 093A1,11/07/2020,B,1,0,1.26791,1.08084,0,6.03821,4.94348,3.63155,0.187072,0.244979,1.31193,1.74398
7, 093A1,11/07/2020,B,1,0,2.08994,1.5708,0.915101,0.605545,5.61722,4.77114,0.519146,0.309556,0.846071,1.67477
7, 093A1,11/07/2020,B,1,0,0.321751,5.45781,2.95624,2.31274,0,0,1.14713,0.643501,0,1.79063
7, 093A1,11/07/2020,B,1,0,5.87077,5.66294,3.44448,3.07917,2.19105,1.81577,0.207839,0.365304,0.375271,0.948414
7, 093A1,11/07/2020,B,1,0,3.40219,3.14159,1.44644,5.81954,0,0,0.260602,1.91009,0,2.17069
7, 093A1,11/07/2020,B,1,0,3.14159,6.17253,0,0,0,0,3.25225,0,0,3.25225
7, 093A1,11/07/2020,B,1,0,3.44448,3.07917,2.00742,1.24905,0.174672,5.37836,0.365304,0.758378,1.0795,2.20318
7, 093A1,11/07/2020,B,1,1,1.2315,0.904827,5.07116,4.29998,2.35619,1.92957,0.326677,0.771181,0.426628,1.52449
7, 093A1,11/07/2020,B,1,1,5.14902,4.05669,0,0,0,0,1.09232,0,0,1.09232
7, 093A1,11/07/2020,B,1,1,3.37268,3.14159,1.80189,1.40565,0.0587558,5.45781,0.231091,0.396239,0.884133,1.51146
7, 093A1,11/07/2020,B,1,1,2.65164,2.26553,1.81577,1.43824,5.03414,4.04642,0.386101,0.37753,0.98772,1.75135
7, 093A1,11/07/2020,B,1,1,2.72918,2.06075,4.65363,4.04642,0,0,0.668429,0.607213,0,1.27564
7, 093A1,11/07/2020,B,1,1,2.79857,2.44685,0.0665682,5.90268,4.83674,4.52704,0.351714,0.447075,0.309703,1.10849
7, 093A1,11/07/2020,B,1,1,4.10684,2.43934,5.58093,4.95737,0,0,1.66751,0.623561,0,2.29107
7, 093A1,11/07/2020,B,1,1,2.62245,2.0032,0.54042,0.244979,5.66294,5.23153,0.619242,0.295441,0.431401,1.34608
7, 093A1,11/07/2020,B,1,1,1.03038,0.904827,5.99713,5.76404,5.1248,4.78916,0.12555,0.233095,0.335639,0.694283
7, 093A1,11/07/2020,B,3,0,4.00376,3.19155,1.62955,1.26791,6.17253,5.66294,0.812212,0.361641,0.509593,1.68344
7, 093A1,11/07/2020,B,3,0,2.4859,2.06075,0.868539,0.54042,5.81954,5.17604,0.425143,0.32812,0.643501,1.39676
7, 093A1,11/07/2020,B,3,0,0,0,0,0,0,0,0,0,0,0
7, 093A1,11/07/2020,B,3,0,3.14159,0.832981,0,0,0,0,2.30861,0,0,2.30861
7, 093A1,11/07/2020,B,3,0,3.92699,1.9614,0,0,0,0,1.96559,0,0,1.96559
7, 093A1,11/07/2020,B,3,0,3.92699,2.31622,1.5708,0.965252,6.05209,5.28373,1.61077,0.605545,0.768368,2.98469
7, 093A1,11/07/2020,B,3,0,2.4859,3.60524,0,0,0,0,5.16384,0,0,5.16384
7, 093A1,11/07/2020,B,3,0,1.19029,5.07116,4.15379,3.66074,0,0,2.40232,0.493051,0,2.89537
7, 093A1,11/07/2020,B,3,1,2.65164,2.31622,1.10715,5.79323,4.76789,4.46741,0.33542,1.59711,0.300477,2.233
7, 093A1,11/07/2020,B,3,1,1.87368,0.588003,5.87077,5.33264,0,0,1.28568,0.538136,0,1.82382
7, 093A1,11/07/2020,B,3,1,2.4859,2.03444,0.463648,5.71185,3.97044,3.48462,0.451453,1.03498,0.485825,1.97226
7, 093A1,11/07/2020,B,3,1,3.2587,2.81984,0.828849,0.489957,5.53481,5.1248,0.438859,0.338892,0.410008,1.18776
7, 093A1,11/07/2020,B,3,1,1.68791,1.39612,6.01224,5.79323,4.01013,3.71293,0.291781,0.21901,0.297202,0.807993
7, 093A1,11/07/2020,B,3,0,1.7976,6.15883,5.7708,4.01765,0,0,1.92195,1.75315,0,3.6751
7, 093A1,11/07/2020,B,3,1,1.1659,0.197396,4.83674,3.28349,0,0,0.968509,1.55325,0,2.52176
7, 093A1,11/07/2020,B,3,1,2.58299,1.75614,0.185348,5.69518,4.3075,3.32694,0.826849,0.773351,0.980556,2.58076
7, 093A1,11/07/2020,B,3,1,4.45179,3.82732,3.08284,2.39066,1.84174,1.3597,0.624464,0.692173,0.48204,1.79868
7, 093A1,11/07/2020,B,3,1,2.65164,2.14213,1.03038,0.702257,6.16608,5.37836,0.509502,0.32812,0.787718,1.62534
7, 093A1,11/07/2020,B,3,1,0.785398,0.185348,4.10684,3.88701,2.76109,2.27305,0.60005,0.219832,0.488033,1.30792
7, 093A1,11/07/2020,B,3,1,2.72918,2.22649,0,6.03821,4.65363,4.17197,0.50269,0.244979,0.481664,1.22933
7, 094A1,11/07/2020,A,1,0,1.63322,1.26791,5.74277,4.29998,0,0,0.365304,1.44279,0,1.80809
7, 094A1,11/07/2020,A,1,0,2.31622,1.87368,0.380506,5.53777,4.01013,3.57822,0.442535,1.12593,0.431912,2.00037
7, 094A1,11/07/2020,A,1,0,5.74277,4.59528,0,0,0,0,1.14749,0,0,1.14749
7, 094A1,11/07/2020,A,1,0,5.20235,1.5708,0,0,0,0,3.63155,0,0,3.63155
7, 094A1,11/07/2020,A,1,0,2.06075,1.75614,0.655696,0.0587558,5.74277,5.20235,0.304609,0.59694,0.54042,1.44197
7, 094A1,11/07/2020,A,1,0,3.20035,2.22649,0,4.09214,0,0,0.973856,2.19105,0,3.1649
7, 094A1,11/07/2020,A,1,0,2.06075,4.95737,0,0,0,0,3.38657,0,0,3.38657
7, 094A1,11/07/2020,A,1,0,5.94389,5.45781,4.27576,2.57026,0,0,0.486084,1.70551,0,2.19159
7, 094A1,11/07/2020,A,1,0,1.08084,3.02448,0,0,0,0,4.33954,0,0,4.33954
7, 094A1,11/07/2020,A,1,0,2.19105,1.75614,5.30039,4.12439,0,0,0.434901,1.17601,0,1.61091
7, 094A1,11/07/2020,A,1,1,1.31019,0.965252,5.14902,4.09214,0,0,0.344942,1.05688,0,1.40182
7, 094A1,11/07/2020,A,1,1,1.19029,0.741947,4.95737,4.53772,2.67795,2.4859,0.448343,0.419651,0.192048,1.06004
7, 094A1,11/07/2020,A,1,1,1.87368,1.38545,5.41465,5.07116,3.20035,2.89661,0.488233,0.343486,0.303734,1.13545
7, 094A1,11/07/2020,A,1,1,0,0,0,0,0,0,0,0,0,0
7, 094A1,11/07/2020,A,1,1,4.77114,4.29998,3.14159,1.89255,0,0,0.471166,1.24905,0,1.72021
7, 094A1,11/07/2020,A,1,1,1.50838,6.22443,5.37836,4.89774,0,0,1.56713,0.480621,0,2.04775
7, 094A1,11/07/2020,A,1,1,1.31019,0.436627,5.14902,4.65689,4.04642,3.76184,0.873567,0.492126,0.284577,1.65027
7, 094A1,11/07/2020,A,1,1,2.35619,1.76819,5.01527,4.71239,3.71293,3.20401,0.588003,0.302885,0.508919,1.39981
7, 094A1,11/07/2020,A,1,1,4.58803,3.96697,3.08609,2.26553,0,0,0.621065,0.82056,0,1.44162
7, 094A1,11/07/2020,A,1,0,2.03444,5.49779,0,0,0,0,2.81984,0,0,2.81984
7, 094A1,11/07/2020,A,1,0,5.27099,2.08994,0,0,0,0,3.18105,0,0,3.18105
7, 094A1,11/07/2020,A,1,0,1.26791,0.185348,5.41465,4.05669,0,0,1.08256,1.35795,0,2.44052
7, 094A1,11/07/2020,A,1,0,1.9513,5.28373,0,0,0,0,2.95076,0,0,2.95076
7, 094A1,11/07/2020,A,1,0,0.124355,5.58093,4.98334,3.80756,0,0,0.826612,1.17577,0,2.00239
7, 094A1,11/07/2020,A,1,0,0,5.49779,4.17197,3.01724,0,0,0.785398,1.15473,0,1.94013
7, 094A1,11/07/2020,A,1,1,0.741947,0.244979,6.03821,5.67764,3.50036,2.4859,0.496969,0.360566,1.01447,1.872
7, 094A1,11/07/2020,A,1,1,6.22443,5.72459,4.04642,3.50036,3.02448,2.44685,0.499844,0.546056,0.57763,1.62353
7, 094A1,11/07/2020,A,1,1,0.244979,6.11804,3.66074,2.27942,0,0,0.410127,1.38132,0,1.79144
7, 094A1,11/07/2020,A,1,1,2.00742,1.10715,4.4813,3.84385,0,0,0.900275,0.637449,0,1.53772
7, 094A1,11/07/2020,A,1,1,0.965252,0.463648,5.31793,4.10684,0,0,0.501604,1.21109,0,1.71269
7, 094A1,11/07/2020,A,1,1,5.41465,4.87754,2.31622,1.73594,0,0,0.537108,0.580271,0,1.11738
7, 094A1,11/07/2020,A,2,0,1.69515,1.39612,0.489957,0.185348,4.24874,3.88701,0.299027,0.304609,0.361729,0.965366
7, 094A1,11/07/2020,A,2,0,0,0,0,0,0,0,0,0,0,0
7, 094A1,11/07/2020,A,2,0,2.14213,5.74277,0,0,0,0,2.68255,0,0,2.68255
7, 094A1,11/07/2020,A,2,0,3.20401,2.08994,6.03821,4.88706,0,0,1.11407,1.15115,0,2.26521
7, 094A1,11/07/2020,A,2,0,3.44448,1.26791,0.571337,0.0587558,0,0,2.17657,0.512582,0,2.68915
7, 094A1,11/07/2020,A,2,0,3.50036,6.03821,0,0,0,0,3.74534,0,0,3.74534
7, 094A1,11/07/2020,A,2,0,3.554,6.22443,0,0,0,0,3.61276,0,0,3.61276
7, 094A1,11/07/2020,A,2,0,4.01013,3.74714,1.69515,5.87077,0,0,0.262995,2.10756,0,2.37056
7, 094A1,11/07/2020,A,2,0,3.76184,3.46334,1.50838,1.13417,6.05209,5.53777,0.298499,0.374208,0.514328,1.18704
7, 094A1,11/07/2020,A,2,0,4.01013,3.50036,1.15839,5.53777,0,0,0.509768,1.90381,0,2.41357
7, 094A1,11/07/2020,A,2,0,2.57026,1.26791,5.92441,5.33264,0,0,1.30234,0.591776,0,1.89412
7, 094A1,11/07/2020,A,2,0,3.38657,1.15839,0,0,0,0,2.22819,0,0,2.22819
7, 094A1,11/07/2020,A,2,0,3.38657,2.9442,1.38545,0.655696,4.99844,4.53772,0.442374,0.729753,0.460723,1.63285
7, 094A1,11/07/2020,A,2,0,4.00376,3.38657,0.380506,4.77114,0,0,0.617191,1.89255,0,2.50974
7, 094A1,11/07/2020,A,2,1,0.489957,5.74277,4.2,2.83871,0,0,1.03038,1.36129,0,2.39167
7, 094A1,11/07/2020,A,2,1,1.08084,0.0587558,3.88701,3.14159,0,0,1.02208,0.74542,0,1.7675
7, 094A1,11/07/2020,A,2,1,2.03444,1.01914,0,0,0,0,1.0153,0,0,1.0153
7, 094A1,11/07/2020,A,2,1,1.81577,0.380506,3.92699,3.14159,0,0,1.43527,0.785398,0,2.22067
7, 094A1,11/07/2020,A,2,0,5.96143,5.46077,3.97044,2.4859,0,0,0.500668,1.48454,0,1.98521
7, 094A1,11/07/2020,A,2,1,1.81577,1.51204,6.10851,5.61722,3.554,3.20035,0.303734,0.491297,0.353655,1.14869
7, 094A1,11/07/2020,A,2,1,0.950547,0.571337,5.53777,5.20235,2.19105,1.91009,0.379209,0.33542,0.280957,0.995586
7, 094A1,11/07/2020,A,2,1,1.81577,1.63322,5.61722,5.17604,3.84385,3.554,0.18256,0.44118,0.289847,0.913586
7, 094A1,11/07/2020,A,2,1,0.885067,0.302885,4.60173,4.29998,2.76109,2.53605,0.582182,0.301753,0.225038,1.10897
7, 094A1,11/07/2020,A,2,1,4.01765,1.87368,0,0,0,0,2.14397,0,0,2.14397
7, 094A1,11/07/2020,A,2,1,1.51204,1.39612,0.132552,5.66294,3.79729,3.42764,0.115916,0.752801,0.369644,1.23836
7, 094A1,11/07/2020,A,2,1,4.65363,3.5221,0,0,0,0,1.13153,0,0,1.13153
7, 094A1,11/07/2020,A,2,1,3.60524,2.14213,0,0,0,0,1.46311,0,0,1.46311
7, 094A1,11/07/2020,A,2,1,0.74542,5.9803,4.71239,4.46741,3.14159,2.76109,1.0483,0.244978,0.380507,1.67379
7, 094A1,11/07/2020,A,2,1,5.71185,5.37836,4.94348,4.71239,2.39617,2.12245,0.333489,0.231091,0.273722,0.838302
7, 094A1,11/07/2020,A,3,0,4.46741,4.10684,1.98321,1.5708,0,5.79323,0.360566,0.41241,0.489957,1.26293
7, 094A1,11/07/2020,A,3,0,2.11122,1.5708,5.53777,5.28373,4.24874,3.76184,0.540419,0.254039,0.486899,1.28136
7, 094A1,11/07/2020,A,3,0,0.174672,5.01527,0,0,0,0,1.44258,0,0,1.44258
7, 094A1,11/07/2020,A,3,0,3.20401,0.999459,0,0,0,0,2.20455,0,0,2.20455
7, 094A1,11/07/2020,A,3,0,6.22443,3.80756,0,0,0,0,2.41687,0,0,2.41687
7, 094A1,11/07/2020,A,3,0,0,0,0,0,0,0,0,0,0,0
7, 094A1,11/07/2020,A,3,0,3.84385,0.571337,0,0,0,0,3.27251,0,0,3.27251
7, 094A1,11/07/2020,A,3,0,5.49779,2.11122,0,0,0,0,3.38657,0,0,3.38657
7, 094A1,11/07/2020,A,3,0,2.83871,6.09784,0,0,0,0,3.02406,0,0,3.02406
7, 094A1,11/07/2020,A,3,0,0,0,0,0,0,0,0,0,0,0
7, 094A1,11/07/2020,A,3,0,3.14159,2.76109,0.785398,0.41241,5.94389,5.37836,0.380507,0.372988,0.565534,1.31903
7, 094A1,11/07/2020,A,3,0,3.84385,2.00742,0.54042,6.05209,0,0,1.83643,0.77151,0,2.60794
7, 094A1,11/07/2020,A,3,0,2.78282,2.57026,0.489957,0.0587558,5.30039,4.52704,0.212567,0.431202,0.773351,1.41712
7, 094A1,11/07/2020,A,3,0,2.57026,2.31274,0.286051,6.03821,0,0,0.257512,0.53103,0,0.788542
7, 094A1,11/07/2020,A,3,0,0,0,0,0,0,0,0,0,0,0
7, 094A1,11/07/2020,A,3,0,0,0,0,0,0,0,0,0,0,0
7, 094A1,11/07/2020,A,3,1,0.868539,0.174672,5.99713,5.74277,2.62245,2.06075,0.693867,0.254368,0.561693,1.50993
7, 094A1,11/07/2020,A,3,1,2.4859,1.92957,0.174672,5.53777,0,0,0.55633,0.920091,0,1.47642
7, 094A1,11/07/2020,A,3,1,1.15839,0.950547,5.25281,4.71239,2.62245,2.35619,0.207839,0.54042,0.266252,1.01451
7, 094A1,11/07/2020,A,3,1,0.571337,0.231091,5.94389,5.53777,3.71293,3.38657,0.340247,0.406126,0.326359,1.07273
7, 094A1,11/07/2020,A,3,1,1.31019,0.785398,0.0587558,5.9803,4.58803,4.24874,0.524796,0.361641,0.339293,1.22573
7, 094A1,11/07/2020,A,3,1,1.87368,1.5708,5.0929,4.4813,3.57822,3.26595,0.302885,0.611597,0.312272,1.22675
7, 094A1,11/07/2020,A,3,1,1.32582,1.08084,5.84656,5.23153,3.48089,3.07917,0.244979,0.615023,0.401711,1.26171
7, 094A1,11/07/2020,A,3,1,0.825377,0.358771,4.65363,4.00376,3.37268,2.95624,0.466606,0.64987,0.416439,1.53292
7, 094A1,11/07/2020,A,3,1,1.3734,0.785398,0.231091,6.06452,5.1248,4.4813,0.588003,0.449759,0.643501,1.68126
7, 094A1,11/07/2020,A,3,1,1.72345,0.0624188,0,0,0,0,1.66103,0,0,1.66103
7, 094A1,11/07/2020,A,3,1,2.14213,1.87368,0.390607,6.22769,4.44144,4.06889,0.268453,0.446105,0.372554,1.08711
7, 094A1,11/07/2020,A,3,1,2.53605,2.22649,0.54042,0.339293,4.8295,4.33188,0.309556,0.201127,0.497615,1.0083
7, 094A1,11/07/2020,A,3,1,2.95624,2.35619,1.5708,1.31019,5.79323,4.4095,0.60005,0.260602,1.38372,2.24438
7, 095A1,11/07/2020,C,1,0,2.97644,2.31274,0.655696,0,5.37836,3.51248,0.6637,0.655696,1.86587,3.18527
7, 095A1,11/07/2020,C,1,0,1.50838,4.39064,0,0,0,0,3.40092,0,0,3.40092
7, 095A1,11/07/2020,C,1,0,1.5708,0,5.45434,4.89774,4.24874,3.554,1.5708,0.556599,0.694739,2.82213
7, 095A1,11/07/2020,C,1,0,1.50838,0.741947,5.28373,3.88701,0,0,0.76643,1.39671,0,2.16314
7, 095A1,11/07/2020,C,1,0,1.5708,0.244979,5.61722,5.17604,3.32694,2.76109,1.32582,0.44118,0.565854,2.33285
7, 095A1,11/07/2020,C,1,0,2.08994,0.999459,0.231091,5.36808,0,0,1.09048,1.14619,0,2.23668
7, 095A1,11/07/2020,C,1,0,2.89661,2.19105,0.302885,5.41465,0,0,0.705568,1.17142,0,1.87699
7, 095A1,11/07/2020,C,1,0,2.76109,1.26791,6.11804,4.42634,0,0,1.49317,1.6917,0,3.18487
7, 095A1,11/07/2020,C,1,0,4.35362,1.05165,0,0,0,0,3.30197,0,0,3.30197
7, 095A1,11/07/2020,C,1,0,5.08328,2.47562,0,0,0,0,2.60766,0,0,2.60766
7, 095A1,11/07/2020,C,1,0,2.57026,1.74547,0.244979,0,4.71239,4.01013,0.824787,0.244979,0.702257,1.77202
7, 095A1,11/07/2020,C,1,0,6.22443,5.81954,5.35589,4.42634,4.17197,3.07917,0.404892,0.929553,1.0928,2.42724
7, 095A1,11/07/2020,C,1,0,1.24905,5.87077,4.77114,3.7296,0,0,1.66146,1.04155,0,2.70301
7, 095A1,11/07/2020,C,1,1,2.9105,2.27305,0.489957,5.81954,4.36937,3.71293,0.637449,0.953605,0.656435,2.24749
7, 095A1,11/07/2020,C,1,1,0.185348,5.92441,5.58093,5.31793,3.96697,3.02448,0.544119,0.262995,0.942486,1.7496
7, 095A1,11/07/2020,C,1,1,0.785398,4.27576,0,0,0,0,2.79282,0,0,2.79282
7, 095A1,11/07/2020,C,1,1,2.35619,1.9513,0.124355,5.84656,4.01765,3.7296,0.404892,0.560982,0.288055,1.25393
7, 095A1,11/07/2020,C,1,1,3.554,3.31626,0.124355,5.62749,5.22478,4.58803,0.237738,0.780051,0.636744,1.65453
7, 095A1,11/07/2020,C,1,1,1.69515,0.785398,5.38713,4.17197,0,0,0.909753,1.21516,0,2.12491
7, 095A1,11/07/2020,C,2,0,3.37268,5.17604,0,0,0,0,4.47983,0,0,4.47983
7, 095A1,11/07/2020,C,2,0,5.58093,2.22649,0,0,0,0,3.35444,0,0,3.35444
7, 095A1,11/07/2020,C,2,0,2.58994,1.21203,6.15883,5.53777,4.4813,4.01765,1.37791,0.621064,0.463648,2.46262
7, 095A1,11/07/2020,C,2,0,2.23677,1.5708,5.84656,4.17197,3.60524,2.9105,0.665969,1.67459,0.694738,3.0353
7, 095A1,11/07/2020,C,2,0,0.117109,3.50036,0,0,0,0,2.89993,0,0,2.89993
7, 095A1,11/07/2020,C,2,0,0.117109,3.2129,0,0,0,0,3.18739,0,0,3.18739
7, 095A1,11/07/2020,C,2,0,5.4502,2.27305,0,0,0,0,3.17715,0,0,3.17715
7, 095A1,11/07/2020,C,2,0,1.76819,0.982794,0.463648,5.72459,5.13061,3.57822,0.785398,1.02225,1.55239,3.36004
7, 095A1,11/07/2020,C,2,0,3.19709,2.44685,1.62629,0.463648,4.77114,4.46741,0.750237,1.16265,0.303734,2.21662
7, 095A1,11/07/2020,C,2,0,4.42634,3.50036,2.9442,0.493941,0,0,0.925974,2.45026,0,3.37623
7, 095A1,11/07/2020,C,2,1,2.17634,1.69515,6.12658,5.71185,4.29998,3.83633,0.48119,0.414736,0.463648,1.35957
7, 095A1,11/07/2020,C,2,1,2.60117,1.63736,1.05165,0.785398,5.22478,4.65981,0.963809,0.266252,0.564973,1.79503
7, 095A1,11/07/2020,C,2,1,2.78282,2.17308,1.26791,0.828849,5.71185,5.20235,0.609738,0.439062,0.509501,1.5583
7, 095A1,11/07/2020,C,2,1,1.97569,1.5708,6.05209,5.46332,5.07116,4.58803,0.404892,0.588777,0.483126,1.47679
7, 095A1,11/07/2020,C,2,1,0.999459,0.436627,5.66294,5.0929,3.44448,2.70497,0.562832,0.57004,0.739512,1.87238
7, 095A1,11/07/2020,C,2,1,2.4859,1.9513,0.785398,0.436627,5.53777,4.95737,0.534594,0.348771,0.580399,1.46376
7, 095A1,11/07/2020,C,3,0,0.41241,5.30039,4.27576,3.38657,0,0,1.3952,0.889191,0,2.28439
7, 095A1,11/07/2020,C,3,0,0.965252,5.07116,4.14105,3.57822,0,0,2.17728,0.562831,0,2.74011
7, 095A1,11/07/2020,C,3,0,1.13417,0.124355,5.1248,3.88701,0,0,1.00981,1.23779,0,2.2476
7, 095A1,11/07/2020,C,3,0,3.63553,2.06474,1.20362,0,0,0,1.5708,1.20362,0,2.77442
7, 095A1,11/07/2020,C,3,0,3.96697,1.32582,0.260602,5.45781,0,0,2.64115,1.08598,0,3.72713
7, 095A1,11/07/2020,C,3,0,4.24874,3.87941,2.7367,2.17634,1.13417,0,0.369334,0.56036,1.13417,2.06386
7, 095A1,11/07/2020,C,3,0,1.5708,0.117109,4.32178,3.01724,0,0,1.45369,1.30454,0,2.75823
7, 095A1,11/07/2020,C,3,0,4.88706,4.22243,2.31622,1.21203,0,0,0.664629,1.10419,0,1.76882
7, 095A1,11/07/2020,C,3,0,5.07116,2.76109,0,0,0,0,2.31007,0,0,2.31007
7, 095A1,11/07/2020,C,3,0,5.58093,2.70918,0,0,0,0,2.87174,0,0,2.87174
7, 095A1,11/07/2020,C,3,0,0.702257,3.33899,0,0,0,0,3.64645,0,0,3.64645
7, 095A1,11/07/2020,C,3,0,0.785398,4.59528,0,0,0,0,2.4733,0,0,2.4733
7, 095A1,11/07/2020,C,3,0,0.915101,4.19324,0,0,0,0,3.00504,0,0,3.00504
7, 095A1,11/07/2020,C,3,1,3.02448,2.35619,1.19029,0.785398,0.110657,5.90268,0.668289,0.404892,0.491164,1.56434
7, 095A1,11/07/2020,C,3,1,0.244979,5.61722,3.92699,3.01724,0,0,0.910948,0.909753,0,1.8207
7, 095A1,11/07/2020,C,3,1,0.124355,6.01224,3.60524,3.02448,2.43934,1.81577,0.395302,0.580756,0.623561,1.59962
7, 095A1,11/07/2020,C,3,1,0.825377,0.185348,3.97044,3.2587,0,0,0.640029,0.71174,0,1.35177
7, 095A1,11/07/2020,C,3,1,2.31274,1.63736,1.03038,0.519146,4.95737,4.17197,0.675379,0.511231,0.785398,1.97201
7, 095A1,11/07/2020,C,3,1,5.90268,5.30039,2.11122,0.588003,0,0,0.602287,1.52321,0,2.1255
7, 095A1,11/07/2020,C,3,1,1.91009,1.21203,6.05209,5.53777,4.09214,3.5221,0.698063,0.514328,0.570041,1.78243
7, 095A1,11/07/2020,C,3,1,2.67795,1.89255,0.512389,0.185348,5.23153,5.01527,0.785398,0.327042,0.216261,1.3287
7, 095A1,11/07/2020,C,3,1,2.08994,1.44644,5.0929,4.5635,4.17197,3.83633,0.643501,0.529397,0.335639,1.50854
7, 096A1,12/07/2020,B,1,0,4.24874,2.67795,2.67795,2.35619,5.79323,5.25281,1.5708,0.321751,0.54042,2.43297
7, 096A1,12/07/2020,B,1,0,2.39965,2.06075,6.16608,5.81954,4.95737,3.44448,0.338892,0.346539,1.51289,2.19832
7, 096A1,12/07/2020,B,1,0,2.43934,1.69515,5.17604,3.01724,0,0,0.744184,2.1588,0,2.90298
7, 096A1,12/07/2020,B,1,0,1.75614,1.13839,4.71239,3.5221,0,0,0.617756,1.19029,0,1.80805
7, 096A1,12/07/2020,B,1,0,1.13417,0.694738,0,5.87829,5.07116,3.92699,0.439431,0.404892,1.14417,1.98849
7, 096A1,12/07/2020,B,1,0,2.23677,5.49779,0,0,0,0,3.02216,0,0,3.02216
7, 096A1,12/07/2020,B,1,0,3.14159,2.65164,1.26791,0.41241,6.05209,5.37836,0.489957,0.855501,0.673736,2.01919
7, 096A1,12/07/2020,B,1,0,0.54042,4.35362,0,0,0,0,2.46999,0,0,2.46999
7, 096A1,12/07/2020,B,1,0,0.741947,3.92699,0,0,0,0,3.09814,0,0,3.09814
7, 096A1,12/07/2020,B,1,0,6.22769,5.53777,4.42634,2.53605,0,0,0.689921,1.89029,0,2.58021
7, 096A1,12/07/2020,B,1,0,0.655696,0.0624188,5.49779,3.554,0,0,0.593277,1.94378,0,2.53706
7, 096A1,12/07/2020,B,1,1,2.22649,1.19029,6.22443,5.0929,0,0,1.0362,1.13153,0,2.16774
7, 096A1,12/07/2020,B,1,1,2.22649,0.0587558,0,0,0,0,2.16774,0,0,2.16774
7, 096A1,12/07/2020,B,1,1,4.89774,4.18067,2.78282,1.49949,0,0,0.717072,1.28333,0,2.00041
7, 096A1,12/07/2020,B,1,1,1.32582,0.785398,5.99713,5.71185,3.00904,2.62245,0.54042,0.285286,0.386595,1.2123
7, 096A1,12/07/2020,B,1,1,5.90268,5.58093,4.35362,2.44685,0,0,0.321751,1.90676,0,2.22851
7, 096A1,12/07/2020,B,1,1,0.0624188,6.22443,4.88706,4.51499,2.62245,2.22649,0.121175,0.372067,0.395955,0.889197
7, 096A1,12/07/2020,B,1,0,0.737815,3.2129,0,0,0,0,3.8081,0,0,3.8081
7, 096A1,12/07/2020,B,1,1,2.70175,2.31917,0.605545,0.302885,0,0,0.382576,0.30266,0,0.685236
7, 096A1,12/07/2020,B,1,1,0.927295,0.380506,3.68201,3.2587,2.35619,1.87368,0.546789,0.423311,0.482513,1.45261
7, 096A1,12/07/2020,B,1,1,2.65164,2.35619,6.15883,5.87077,4.52704,3.5221,0.295441,0.288055,1.00494,1.58844
7, 096A1,12/07/2020,B,1,1,0.665969,0.321751,4.33188,3.42764,2.78282,2.35619,0.344219,0.904238,0.426627,1.67508
7, 096A1,12/07/2020,B,1,1,2.26553,1.87368,0.286051,0,4.64997,4.05669,0.391853,0.286051,0.593277,1.27118
7, 096A1,12/07/2020,B,1,1,0.605545,0.165149,5.86496,5.49779,3.88354,3.20401,0.440396,0.367174,0.679528,1.4871
7, 096A1,12/07/2020,B,1,1,5.76404,5.41465,4.71239,4.05669,3.40219,2.67795,0.349393,0.655695,0.72425,1.72934
7, 096A1,12/07/2020,B,2,0,0.110657,3.79729,0,0,0,0,2.59655,0,0,2.59655
7, 096A1,12/07/2020,B,2,0,0.519146,0.0554985,5.45781,5.103,3.7159,3.00904,0.463648,0.354813,0.706856,1.52532
7, 096A1,12/07/2020,B,2,0,0.231091,3.14159,0,0,0,0,3.37268,0,0,3.37268
7, 096A1,12/07/2020,B,2,0,5.9803,4.42634,2.85554,2.39965,0,0,1.55396,0.455896,0,2.00986
7, 096A1,12/07/2020,B,2,0,5.36808,3.20401,0,0,0,0,2.16407,0,0,2.16407
7, 096A1,12/07/2020,B,2,0,5.07116,1.70335,0,0,0,0,3.36781,0,0,3.36781
7, 096A1,12/07/2020,B,2,0,0.339293,3.92699,3.40219,1.92957,0,0,2.69549,1.47263,0,4.16812
7, 096A1,12/07/2020,B,2,0,3.19709,0.785398,0,0,0,0,2.41169,0,0,2.41169
7, 096A1,12/07/2020,B,2,0,2.39965,2.03444,0.436627,6.22077,4.09214,3.66074,0.365201,0.499046,0.431401,1.29565
7, 096A1,12/07/2020,B,2,0,1.08084,0.380506,4.15379,3.60524,2.22649,1.74547,0.700333,0.548549,0.481023,1.72991
7, 096A1,12/07/2020,B,2,0,3.14159,1.01914,0,0,0,0,2.12245,0,0,2.12245
7, 096A1,12/07/2020,B,2,0,1.05165,5.22478,0,0,0,0,2.11006,0,0,2.11006
7, 096A1,12/07/2020,B,2,0,5.76404,0.785398,0,0,0,0,4.97864,0,0,4.97864
7, 096A1,12/07/2020,B,2,1,2.08319,0.74542,5.92441,5.76404,3.32694,3.14159,1.33777,0.160376,0.185348,1.68349
7, 096A1,12/07/2020,B,2,1,0.965252,6.22443,3.68201,3.01724,0,0,1.02401,0.664774,0,1.68878
7, 096A1,12/07/2020,B,2,1,2.60117,2.31274,0.694738,6.22443,4.83674,4.35362,0.288429,0.753494,0.483126,1.52505
7, 096A1,12/07/2020,B,2,1,2.83871,1.74547,1.26791,1.05841,5.41465,4.89774,1.09324,0.209505,0.516909,1.81965
7, 096A1,12/07/2020,B,2,1,1.32582,1.03038,5.81954,5.30039,3.32694,3.08284,0.295441,0.519146,0.244104,1.05869
7, 096A1,12/07/2020,B,2,1,6.06452,5.37836,4.09214,3.71293,2.8023,2.43934,0.686158,0.37921,0.362964,1.42833
7, 096A1,12/07/2020,B,2,1,1.08084,0.915101,5.20235,4.71239,3.80756,2.89661,0.165738,0.489957,0.910948,1.56664
7, 096A1,12/07/2020,B,2,1,1.33971,0.41241,4.4813,3.96697,3.19709,2.67795,0.927295,0.514329,0.519146,1.96077
7, 096A1,12/07/2020,B,2,1,0.185348,6.06452,5.1248,4.46741,3.81633,3.37268,0.404017,0.657389,0.44365,1.50506
7, 096A1,12/07/2020,B,2,1,2.35619,2.03444,5.81954,5.45781,5.17604,4.71239,0.321751,0.361729,0.463647,1.14713
7, 096A1,12/07/2020,B,2,1,5.33264,4.99844,2.65164,1.05165,0,0,0.334198,1.59999,0,1.93418
7, 096A1,12/07/2020,B,2,1,0.876058,6.22443,5.42102,4.95737,0,0,0.934814,0.463648,0,1.39846
7, 096A1,12/07/2020,B,3,0,6.16608,3.33899,0,0,0,0,2.82709,0,0,2.82709
7, 096A1,12/07/2020,B,3,0,2.67795,2.35619,1.3734,5.81954,4.82305,4.01013,0.321751,1.83705,0.812914,2.97171
7, 096A1,12/07/2020,B,3,0,4.45179,2.43934,1.44644,0.174672,0,0,2.01245,1.27177,0,3.28422
7, 096A1,12/07/2020,B,3,0,5.84656,3.88701,2.47562,1.5708,0,0,1.95955,0.904827,0,2.86437
7, 096A1,12/07/2020,B,3,0,4.17197,1.3597,0,0,0,0,2.81227,0,0,2.81227
7, 096A1,12/07/2020,B,3,0,2.03444,1.81577,6.16608,5.01527,3.92699,3.69325,0.218669,1.1508,0.233743,1.60321
7, 096A1,12/07/2020,B,3,0,1.80189,1.39612,5.72459,3.97044,0,0,0.405763,1.75414,0,2.15991
7, 096A1,12/07/2020,B,3,0,0,3.01724,0,0,0,0,3.26595,0,0,3.26595
7, 096A1,12/07/2020,B,3,0,5.42102,2.79857,0,0,0,0,2.62245,0,0,2.62245
7, 096A1,12/07/2020,B,3,0,0.358771,0.174672,5.30039,5.01527,2.85554,2.14213,0.184098,0.285118,0.713408,1.18262
7, 096A1,12/07/2020,B,3,0,4.24874,3.76184,2.17634,0.588003,0,0,0.486899,1.58834,0,2.07524
7, 096A1,12/07/2020,B,3,0,1.13417,0.321751,6.08579,5.66294,4.17197,3.01724,0.812419,0.422854,1.15473,2.39
7, 096A1,12/07/2020,B,3,1,1.8314,0.632749,6.22769,5.70888,5.42102,4.88706,1.19865,0.518806,0.533954,2.25141
7, 096A1,12/07/2020,B,3,1,0.571337,5.7708,4.07964,2.96692,0,0,1.08373,1.11272,0,2.19645
7, 096A1,12/07/2020,B,3,1,2.39965,1.9513,0.132552,5.69518,4.17197,3.7296,0.448343,0.720554,0.442374,1.61127
7, 096A1,12/07/2020,B,3,1,5.71185,5.14902,4.71239,4.22243,2.76109,1.19029,0.562832,0.489957,1.5708,2.62359
7, 096A1,12/07/2020,B,3,1,0.828849,0,5.46077,4.99844,4.22243,3.83633,0.828849,0.462327,0.386101,1.67728
7, 096A1,12/07/2020,B,3,1,2.43934,1.24905,5.17604,4.59528,0,0,1.19029,0.580756,0,1.77105
7, 096A1,12/07/2020,B,3,1,2.76109,6.00489,0,0,0,0,3.03939,0,0,3.03939
7, 096A1,12/07/2020,B,3,1,1.1659,0.785398,0,5.74277,4.10684,2.92292,0.380506,0.540419,1.18392,2.10485
7, 096A1,12/07/2020,B,3,1,0.260602,6.17831,4.95737,4.4095,3.7296,3.14159,0.365479,0.547863,0.588002,1.50135
7, 096A1,12/07/2020,B,3,1,1.92957,1.32582,5.45781,4.29998,0,0,0.603749,1.15783,0,1.76158
7, 096A1,12/07/2020,B,3,1,1.13839,0.825377,5.71185,4.8295,3.20401,2.97644,0.313012,0.88235,0.227567,1.42293
7, 096A1,12/07/2020,B,3,1,0.741947,6.22769,5.53777,5.01527,4.12439,3.76184,0.797446,0.522492,0.362544,1.68248
7, 096A1,12/07/2020,B,3,1,1.63322,1.13417,6.22769,5.90268,3.63553,3.2129,0.499046,0.325008,0.422634,1.24669
7, 096A1,12/07/2020,B,3,1,0.950547,0.741947,0,0,0,0,0.2086,0,0,0.2086
7, 096A1,12/07/2020,B,3,1,5.49779,4.8295,3.88701,2.72918,0,0,0.668289,1.15783,0,1.82612
7, 104A1,16/07/2020,A,2,0,6.15883,5.58093,4.35362,2.62245,0,0,0.577902,1.73117,0,2.30907
7, 104A1,16/07/2020,A,2,0,0.694738,4.58803,0,0,0,0,2.38989,0,0,2.38989
7, 104A1,16/07/2020,A,2,0,5.66294,2.9105,0,0,0,0,2.75243,0,0,2.75243
7, 104A1,16/07/2020,A,2,0,5.71185,3.32694,0,0,0,0,2.38491,0,0,2.38491
7, 104A1,16/07/2020,A,2,0,4.4095,2.96692,2.39321,0.915101,0,0,1.44258,1.47811,0,2.9207
7, 104A1,16/07/2020,A,2,0,5.36808,2.39965,0,0,0,0,2.96844,0,0,2.96844
7, 104A1,16/07/2020,A,2,0,5.07116,4.14105,3.42764,2.96692,1.62955,1.08084,0.930109,0.460724,0.548713,1.93955
7, 104A1,16/07/2020,A,2,1,1.87368,1.50838,0.571337,0.358771,4.54724,3.83633,0.365304,0.212567,0.710909,1.28878
7, 104A1,16/07/2020,A,2,1,0.605545,0.197396,4.01013,3.40219,1.76819,1.24905,0.408149,0.607937,0.519146,1.53523
7, 104A1,16/07/2020,A,2,1,2.89661,2.22649,1.24905,0.0624188,0,0,0.670122,1.18663,0,1.85675
7, 104A1,16/07/2020,A,2,1,2.4859,0.965252,0.41241,0,0,0,1.52065,0.41241,0,1.93306
7, 104A1,16/07/2020,A,2,1,5.41465,5.01527,4.18431,3.77039,2.78282,2.14213,0.399372,0.413926,0.640688,1.45399
7, 105A1,16/07/2020,C,4,0,3.20035,2.81984,1.75614,1.26791,0.339293,5.87077,0.380506,0.488233,0.751703,1.62044
7, 105A1,16/07/2020,C,4,1,1.50838,6.22769,0,0,0,0,1.56388,0,0,1.56388
7, 105A1,16/07/2020,C,4,0,1.31019,0,5.33264,4.95737,3.77434,3.41989,1.31019,0.375271,0.354449,2.03991
7, 105A1,16/07/2020,C,4,0,0,1.9513,0,0,0,0,4.33188,0,0,4.33188
7, 105A1,16/07/2020,C,4,0,3.2587,2.65164,0.380506,0.104877,5.17604,4.64997,0.607066,0.275629,0.526066,1.40876
7, 105A1,16/07/2020,C,4,0,2.72918,1.80189,0.110657,4.65689,0,0,0.927295,1.73695,0,2.66425
7, 105A1,16/07/2020,C,4,0,5.53777,4.93106,3.71293,2.06075,0,0,0.606708,1.65218,0,2.25888
7, 105A1,16/07/2020,C,4,0,5.96143,5.28373,4.24874,2.76109,0,0,0.677708,1.48766,0,2.16536
7, 105A1,16/07/2020,C,4,1,0.558599,5.90268,4.07964,2.08994,0,0,0.939106,1.9897,0,2.9288
7, 105A1,16/07/2020,C,4,1,5.37836,4.4813,2.95624,2.55359,1.5708,1.32582,0.89706,0.402655,0.244979,1.54469
7, 105A1,16/07/2020,C,4,1,1.98321,0.950547,5.33264,4.88706,0,0,1.03266,0.445577,0,1.47824
7, 106A1,17/07/2020,A,4,0,0.927295,2.4859,0,0,0,0,4.72458,0,0,4.72458
7, 106A1,17/07/2020,A,4,0,0.694738,4.04642,0,0,0,0,2.9315,0,0,2.9315
7, 106A1,17/07/2020,A,4,0,3.03094,4.09214,0,0,0,0,5.22198,0,0,5.22198
7, 106A1,17/07/2020,A,4,0,5.0929,3.08284,2.60117,5.78924,0,0,2.01006,3.09511,0,5.10517
7, 106A1,17/07/2020,A,4,0,2.35619,2.06075,0.785398,5.78924,4.39064,2.95624,0.295441,1.27934,1.43439,3.00917
7, 106A1,17/07/2020,A,4,0,6.16608,3.83633,3.5221,1.21203,0,0,2.32975,2.31007,0,4.63982
7, 106A1,17/07/2020,A,4,0,4.93106,3.48089,3.07917,1.13839,0.404892,5.81954,1.45017,1.94079,0.86854,4.2595
7, 106A1,17/07/2020,A,4,0,5.01527,1.81577,0,0,0,0,3.1995,0,0,3.1995
7, 106A1,17/07/2020,A,4,0,0.124355,5.87077,4.60173,3.66074,2.9105,2.03444,0.536765,0.940993,0.876058,2.35382
7, 106A1,17/07/2020,A,4,1,1.40565,0.965252,5.45434,3.88997,2.69922,1.75614,0.440396,1.56437,0.943074,2.94784
7, 106A1,17/07/2020,A,4,1,2.22649,1.75614,6.05209,5.61722,5.1248,4.77114,0.470348,0.434878,0.353654,1.25888
7, 107A1,17/07/2020,B,3,0,6.15883,3.71293,0,0,0,0,2.4459,0,0,2.4459
7, 107A1,17/07/2020,B,3,0,0.117109,4.94348,4.46741,2.95624,0,0,1.45681,1.51117,0,2.96798
7, 107A1,17/07/2020,B,3,0,0.0713075,4.27255,0,0,0,0,2.08195,0,0,2.08195
7, 107A1,17/07/2020,B,3,0,5.66294,3.07502,0,0,0,0,2.58791,0,0,2.58791
7, 107A1,17/07/2020,B,3,0,2.9305,0.74542,0,0,0,0,2.18508,0,0,2.18508
7, 107A1,17/07/2020,B,3,0,4.97299,2.19105,0,0,0,0,2.78195,0,0,2.78195
7, 107A1,17/07/2020,B,3,0,3.5221,2.26553,1.10715,0.197396,0,0,1.25656,0.909753,0,2.16632
7, 107A1,17/07/2020,B,3,0,2.35619,1.97569,0.343024,0.0624188,4.22243,3.79729,0.380506,0.280605,0.425143,1.08625
7, 107A1,17/07/2020,B,3,0,5.53481,2.0032,0,0,0,0,3.5316,0,0,3.5316
7, 107A1,17/07/2020,B,3,0,0.965252,0.404892,5.69518,3.14159,0,0,0.56036,2.55359,0,3.11395
7, 107A1,17/07/2020,B,3,0,2.2143,1.3734,0.0587558,6.05209,5.05168,4.24874,0.840897,0.289847,0.80294,1.93368
7, 107A1,17/07/2020,B,3,0,2.03444,1.3597,0.551655,0.211093,4.8295,3.2587,0.674741,0.340562,1.5708,2.5861
7, 107A1,17/07/2020,B,3,0,4.99844,4.06889,3.08284,1.44644,0,0,0.929553,1.6364,0,2.56595
7, 107A1,17/07/2020,B,3,1,4.94348,4.4813,3.20035,2.78282,2.01064,1.63322,0.462181,0.417526,0.377424,1.25713
7, 107A1,17/07/2020,B,3,1,2.76109,2.22649,1.68791,1.31019,5.67764,4.35362,0.534594,0.377711,1.32402,2.23633
7, 107A1,17/07/2020,B,3,1,3.08609,2.81984,1.8314,1.24905,0.197396,5.40713,0.266252,0.582353,1.07345,1.92206
7, 107A1,17/07/2020,B,3,1,2.7367,1.89255,5.66294,4.84494,0,0,0.844154,0.817995,0,1.66215
7, 107A1,17/07/2020,B,3,1,1.69515,0,0,0,0,0,1.69515,0,0,1.69515
7, 107A1,17/07/2020,B,3,1,1.13839,0.942,4.71239,4.27576,0,0,0.196388,0.436627,0,0.633015
7, 107A1,17/07/2020,B,3,1,1.24905,0.832981,0.104877,5.99713,0,0,0.416064,0.390929,0,0.806993
7, 107A1,17/07/2020,B,3,1,1.64757,0.785398,5.79323,4.84494,0,0,0.86217,0.948287,0,1.81046
7, 107A1,17/07/2020,B,3,1,1.05165,0.785398,5.01527,4.71239,3.08284,2.85554,0.266252,0.302885,0.227296,0.796433
7, 107A1,17/07/2020,B,3,1,1.92957,1.69515,5.62749,5.40713,4.94348,4.57984,0.234416,0.220362,0.363642,0.81842
7, 108A1,17/07/2020,C,1,0,6.05209,5.66294,5.01527,3.554,2.57026,2.19105,0.389159,1.46127,0.37921,2.22964
7, 108A1,17/07/2020,C,1,0,5.42102,3.01724,0,0,0,0,2.40378,0,0,2.40378
7, 108A1,17/07/2020,C,1,0,1.26791,5.33264,0,0,0,0,2.21846,0,0,2.21846
7, 108A1,17/07/2020,C,1,0,5.14902,2.08994,0,0,0,0,3.05907,0,0,3.05907
7, 108A1,17/07/2020,C,1,0,2.55359,5.53777,0,0,0,0,3.29901,0,0,3.29901
7, 108A1,17/07/2020,C,1,0,2.58299,2.11122,0,0,0,0,0.471777,0,0,0.471777
7, 108A1,17/07/2020,C,1,0,4.83674,2.43934,0,0,0,0,2.39741,0,0,2.39741
7, 108A1,17/07/2020,C,1,1,3.57822,3.07917,0.876058,0.436627,6.15063,4.71239,0.499046,0.439431,1.43824,2.37672
7, 108A1,17/07/2020,C,1,1,0,0,0,0,0,0,0,0,0,0
7, 108A1,17/07/2020,C,1,1,0.868539,0.260602,4.22243,3.77434,2.95624,2.7367,0.607937,0.44809,0.219544,1.27557
7, 108A1,17/07/2020,C,1,1,3.71293,2.35619,0.489957,0,0,0,1.35674,0.489957,0,1.84669
7, 108A1,17/07/2020,C,1,1,3.79729,2.22649,0,0,0,0,1.5708,0,0,1.5708
7, 108A1,17/07/2020,C,1,1,2.06075,1.63322,0.950547,0.915101,4.83674,4.57984,0.427539,0.0354462,0.256907,0.719891
7, 108A1,17/07/2020,C,1,1,2.4859,2.22649,0.302885,0.124355,4.46741,4.10684,0.259405,0.17853,0.360566,0.798501
7, 109A1,18/07/2020,A,1,0,2.76109,1.5708,4.98334,3.40219,0,0,1.19029,1.58114,0,2.77143
7, 109A1,18/07/2020,A,1,0,0.655696,0.117109,4.58803,4.24874,3.25225,2.72918,0.538587,0.339293,0.523068,1.40095
7, 109A1,18/07/2020,A,1,0,6.09784,5.49779,4.33188,2.70497,0,0,0.60005,1.62692,0,2.22697
7, 109A1,18/07/2020,A,1,0,1.45369,0.286051,5.87077,4.09214,0,0,1.16764,1.77864,0,2.94627
7, 109A1,18/07/2020,A,1,0,3.76184,1.43824,0,5.20235,0,0,2.3236,1.08084,0,3.40444
7, 109A1,18/07/2020,A,1,0,2.47562,1.8314,1.24905,0.876058,5.99713,5.1248,0.644225,0.372988,0.872334,1.88955
7, 109A1,18/07/2020,A,1,0,5.62749,4.17197,3.20035,1.70335,0,0,1.45552,1.497,0,2.95252
7, 109A1,18/07/2020,A,1,0,5.15223,4.04642,3.69325,2.9105,2.52134,0.741947,1.10581,0.782746,1.7794,3.66795
7, 109A1,18/07/2020,A,1,1,0.741947,0.390607,6.16608,4.95737,3.83633,3.32694,0.35134,1.20871,0.50939,2.06944
7, 109A1,18/07/2020,A,1,1,1.69515,0.694738,4.71239,4.09214,0,0,1.00041,0.620249,0,1.62066
7, 109A1,18/07/2020,A,1,1,2.43934,2.08994,0.825377,0.62025,5.66294,4.4813,0.349393,0.205127,1.18164,1.73616
7, 109A1,18/07/2020,A,1,1,2.62245,2.2143,0.868539,0.655696,6.03821,5.62749,0.408149,0.212844,0.410717,1.03171
7, 109A1,18/07/2020,A,1,1,2.00742,1.63736,4.95737,3.27414,0,0,0.370059,1.68322,0,2.05328
7, 114A2,19/07/2020,C,4,0,5.71185,5.20235,4.24874,2.85554,0,0,0.509501,1.3932,0,1.9027
7, 114A2,19/07/2020,C,4,0,2.64765,1.50423,5.81954,5.28373,4.76789,4.27576,1.14342,0.535811,0.492126,2.17136
7, 114A2,19/07/2020,C,4,0,0.605545,0,5.30039,4.01013,0,0,0.605545,1.29026,0,1.8958
7, 114A2,19/07/2020,C,4,0,0.436627,5.81954,4.4813,3.63155,0,0,0.900275,0.849748,0,1.75002
7, 114A2,19/07/2020,C,4,0,2.12245,0.950547,0,0,0,0,1.1719,0,0,1.1719
7, 114A2,19/07/2020,C,4,0,4.71239,4.24874,3.84385,1.32582,0,0,0.463647,2.51803,0,2.98168
7, 114A2,19/07/2020,C,4,0,3.46334,0.999459,0,0,0,0,2.46388,0,0,2.46388
7, 114A2,19/07/2020,C,4,0,2.85554,0.62025,5.07956,4.07964,0,0,2.23529,0.999923,0,3.23521
7, 114A2,19/07/2020,C,4,0,2.7367,0,0,0,0,0,2.7367,0,0,2.7367
7, 114A2,19/07/2020,C,4,0,3.68201,2.4859,0.463648,5.66294,0,0,1.19612,1.0839,0,2.28001
7, 114A2,19/07/2020,C,4,0,5.92441,5.31468,4.49372,3.80756,2.89661,1.87368,0.609738,0.686158,1.02293,2.31883
7, 114A2,19/07/2020,C,4,0,5.14902,4.52704,3.50036,2.27942,0.302885,0.0587558,0.621975,1.22094,0.244129,2.08704
7, 114A2,19/07/2020,C,4,0,2.55359,2.03444,1.13417,5.36808,0,0,0.519146,2.04927,0,2.56842
7, 114A2,19/07/2020,C,4,1,2.43934,2.00742,6.22443,5.94389,4.22243,3.76184,0.431912,0.280537,0.460589,1.17304
7, 114A2,19/07/2020,C,4,1,6.16608,5.94389,4.76789,4.35362,3.2587,2.57026,0.222184,0.414269,0.688446,1.3249
7, 114A2,19/07/2020,C,4,1,0,5.84334,5.49779,5.103,3.50036,2.96692,0.439843,0.394791,0.533443,1.36808
7, 114A2,19/07/2020,C,4,1,1.81577,0.999459,4.95737,4.64997,4.2,4.01013,0.816316,0.307397,0.189867,1.31358
7, 114A2,19/07/2020,C,4,1,1.92957,1.45369,5.58093,5.19929,4.49372,3.79729,0.475879,0.38164,0.696432,1.55395
7, 114A2,19/07/2020,C,4,1,2.43934,2.06075,0.62025,0.231091,5.66294,4.97299,0.378582,0.389159,0.689944,1.45769
7, 114A2,19/07/2020,C,4,1,5.90268,5.67764,4.00376,2.58994,0,0,0.225039,1.41383,0,1.63886
7, 115A2,19/07/2020,B,2,0,5.87077,1.71269,0,0,0,0,4.15808,0,0,4.15808
7, 115A2,19/07/2020,B,2,0,2.1294,4.33188,0,0,0,0,4.0807,0,0,4.0807
7, 115A2,19/07/2020,B,2,0,6.08579,3.20035,0,0,0,0,2.88544,0,0,2.88544
7, 115A2,19/07/2020,B,2,0,0.702257,0.339293,5.37836,3.38657,0,0,0.362964,1.99179,0,2.35475
7, 115A2,19/07/2020,B,2,0,1.50423,4.89774,0,0,0,0,2.88968,0,0,2.88968
7, 115A2,19/07/2020,B,2,0,0.302885,4.59528,0,0,0,0,1.99079,0,0,1.99079
7, 115A2,19/07/2020,B,2,0,2.88099,2.22649,1.1659,0.737815,5.76404,5.37836,0.654498,0.428089,0.385681,1.46827
7, 115A2,19/07/2020,B,2,0,2.9105,2.27305,1.3734,6.14129,0,0,0.637449,1.5153,0,2.15275
7, 115A2,19/07/2020,B,2,0,6.16608,5.7708,5.20235,4.39064,3.34909,2.49809,0.395281,0.811708,0.850997,2.05799
7, 115A2,19/07/2020,B,2,0,5.66294,2.19105,0,0,0,0,3.47189,0,0,3.47189
7, 115A2,19/07/2020,B,2,0,2.53605,1.91382,0.665969,4.77114,4.1101,3.60524,0.622228,2.17801,0.504861,3.3051
7, 115A2,19/07/2020,B,2,0,1.50838,0.876058,0.404892,0,5.41465,4.16073,0.63232,0.404892,1.25391,2.29112
7, 115A2,19/07/2020,B,2,0,4.90978,3.5322,2.88099,1.9614,0,0,1.37758,0.919587,0,2.29717
7, 115A2,19/07/2020,B,2,0,4.12439,0.528074,0,0,0,0,3.59631,0,0,3.59631
7, 115A2,19/07/2020,B,2,1,3.79729,3.38657,2.19105,0.643501,0,0,0.410717,1.54754,0,1.95826
7, 115A2,19/07/2020,B,2,1,4.89774,4.65689,3.54648,3.14159,1.9513,1.43824,0.240847,0.404892,0.513058,1.1588
7, 115A2,19/07/2020,B,2,1,0.655696,0.231091,5.58845,5.23153,3.79729,2.70918,0.424605,0.356912,1.0881,1.86962
7, 115A2,19/07/2020,B,2,1,5.7708,5.42102,3.14159,2.78282,1.3734,0.965252,0.349781,0.358771,0.408149,1.1167
7, 115A2,19/07/2020,B,2,1,5.62749,3.54648,0,0,0,0,2.08101,0,0,2.08101
7, 115A2,19/07/2020,B,2,1,5.74277,4.8295,4.22243,3.78509,2.55359,2.22649,0.913268,0.437338,0.327098,1.6777
7, 115A2,19/07/2020,B,2,1,0.904827,0.605545,4.52704,4.39064,1.89255,1.50423,0.299282,0.136403,0.388319,0.824004
7, 118A2,20/07/2020,A,2,0,4.4813,2.52134,0,0,0,0,1.95996,0,0,1.95996
7, 118A2,20/07/2020,A,2,0,0.551655,4.29998,0,0,0,0,2.53486,0,0,2.53486
7, 118A2,20/07/2020,A,2,0,0,5.49779,4.97299,2.55359,0,0,0.785398,2.4194,0,3.2048
7, 118A2,20/07/2020,A,2,0,4.83674,2.95624,2.50884,1.68791,1.26791,0.785398,1.8805,0.820939,0.482513,3.18395
7, 118A2,20/07/2020,A,2,0,4.65689,1.5708,0,0,0,0,3.08609,0,0,3.08609
7, 118A2,20/07/2020,A,2,0,1.5708,3.97044,0,0,0,0,3.88354,0,0,3.88354
7, 119A2,22/07/2020,B,3,0,5.79323,5.40713,2.39965,1.9513,0,0,0.386101,0.448343,0,0.834443
7, 119A2,22/07/2020,B,3,0,5.35589,4.84494,1.50838,1.10715,0,0,0.51095,0.401229,0,0.912178
7, 119A2,22/07/2020,B,3,0,0.117109,5.17604,2.35619,1.74547,0,0,1.22426,0.610726,0,1.83498
7, 119A2,22/07/2020,B,3,0,2.95624,2.44685,6.03821,4.95737,0,0,0.50939,1.08084,0,1.59023
7, 119A2,22/07/2020,B,3,0,0.489957,0.117109,4.65363,4.22243,3.44448,2.9442,0.372849,0.431201,0.50028,1.30433
7, 119A2,22/07/2020,B,3,0,6.05209,4.3731,2.39965,1.26791,0,0,1.679,1.13173,0,2.81073
7, 119A2,22/07/2020,B,3,0,4.87754,3.65398,2.31274,1.03038,0,0,1.22356,1.28237,0,2.50592
7, 119A2,22/07/2020,B,3,0,5.54124,4.22243,3.07029,2.49809,0,0,1.31881,0.572194,0,1.891
7, 119A2,22/07/2020,B,3,0,5.62749,4.76789,2.26553,1.78189,0,0,0.859602,0.483645,0,1.34325
7, 119A2,22/07/2020,B,3,0,2.72918,1.13417,4.99844,4.4813,0,0,1.59501,0.517142,0,2.11215
7, 119A2,22/07/2020,B,3,1,1.26791,0.197396,4.06889,3.07917,0,0,1.07052,0.989714,0,2.06023
7, 119A2,22/07/2020,B,3,1,4.97299,3.68201,2.72918,1.76819,0,0,1.29098,0.96099,0,2.25197
7, 119A2,22/07/2020,B,3,1,4.33188,2.35619,0,0,0,0,1.97569,0,0,1.97569
7, 119A2,22/07/2020,B,3,1,3.27414,2.4859,5.79323,5.17604,0,0,0.788247,0.617192,0,1.40544
7, 119A2,22/07/2020,B,3,0,1.31019,5.25281,2.67795,2.24554,0,0,2.34057,0.432408,0,2.77298
7, 119A2,22/07/2020,B,3,1,0.2783,5.11728,3.08609,2.12245,0,0,1.4442,0.963643,0,2.40785
7, 119A2,22/07/2020,B,3,1,3.80756,2.5128,1.5708,1.04272,0,0,1.29477,0.528075,0,1.82284
7, 119A2,22/07/2020,B,3,1,5.01527,4.59528,2.76109,2.39965,0.404892,0.185348,0.419994,0.361441,0.219544,1.00098
7, 119A2,22/07/2020,B,3,1,3.07917,2.5128,6.15063,4.99069,0,0,0.566377,1.15995,0,1.72632
