WW,3077,1479,3073,1188, 2808.83,1482.69, 3345.17,1475.31, 2804.83,1191.69, 3341.17,1184.31, 8.93974,
imageIdx, offcentreP, offcentreMM, ID, centreX, centreY, areaMM2, wallWidthMM, qtyCorners, c0X, c0Y, c0lenMM, a0, sep0, c1X, c1Y, c1lenMM, a1, sep1, c2X, c2Y, c2lenMM, a2, sep2, c3X, c3Y, c3lenMM, a3, sep3, c4X, c4Y, c4lenMM, a4, sep4, c5X, c5Y, c5lenMM, a5, sep5, c6X, c6Y, c6lenMM, a6, sep6, c7X, c7Y, c7lenMM, a7, sep7
0,73.2542,8.19423,159,352.359,163.316,22.7782,0.140685,6,355.068,161.842,2.98136,0.0499584,5.59999,352.479,160.364,3.11816,1.0839,5.37918,349.892,162.105,2.90873,2.2143,5.593,349.927,165.014,3.22605,3.09401,5.87931,352.889,166.292,3.01986,4.29219,5.75835,355.22,164.373,2.5357,5.39471,5.76514
0,123.284,13.7905,163,357.952,163.036,22.8768,0.0596557,6,360.617,161.485,2.67582,0.0996687,5.6209,358.258,160.222,3.46961,1.15257,5.50847,355.361,162.133,2.75769,2.17308,5.42982,355.659,164.874,3.36857,3.19155,5.59999,358.821,166.037,2.43291,4.32178,5.14131,360.806,164.63,3.15094,5.28669,5.66248
0,-176.688,-19.7643,164,324.394,163.036,17.6809,0.498433,6,326.642,161.371,2.07046,-0,5.593,324.839,160.353,2.79045,1.0839,5.37918,322.372,161.657,2.91086,2.1294,5.27643,322.504,164.565,2.61151,3.19155,5.59999,324.854,165.703,2.16873,4.18067,5.51556,326.682,164.535,3.16434,5.27099,5.27643
0,-226.717,-25.3606,165,318.801,163.316,19.7444,0.27423,6,321.165,161.642,2.08696,0.0499584,5.59999,319.391,160.544,3.03826,1.03907,5.51556,316.672,161.9,3.50045,2.10252,5.51556,316.992,165.385,2.10795,3.19418,5.32071,318.929,166.218,2.81654,4.24874,5.62785,321.322,164.733,3.09427,5.27099,5.27643
0,-81.6624,-9.13476,167,335.021,162.756,21.2849,0.160222,6,337.554,160.955,2.15635,0.110657,5.06468,335.697,159.86,3.37617,1.0839,5.37918,332.717,161.447,3.04195,2.1294,5.27643,332.933,164.482,2.72383,3.19709,5.04147,335.406,165.624,3.14927,4.22549,5.37918,337.908,163.712,2.77935,5.33264,4.81128
0,-126.692,-14.1718,168,329.987,163.036,18.5831,0.415696,6,331.901,160.891,1.47619,0.0554985,5.04147,330.574,160.246,3.21377,1.13095,5.25415,327.764,161.806,2.85629,2.1451,5.66248,327.866,164.66,2.38453,3.14159,5.593,329.939,165.838,2.56207,4.15379,5.27643,332.199,164.631,3.75151,5.22478,5.13369
0,173.348,19.3907,170,363.545,162.477,21.8605,0.107198,6,366.033,160.825,2.41936,0.0525831,5.32071,363.903,159.677,3.66361,1.13095,5.25415,360.923,161.808,2.56235,2.2143,5.593,361.331,164.337,3.14753,3.24126,5.6209,364.244,165.531,2.22998,4.27001,5.87931,366.109,164.309,3.48507,5.28669,5.66248
0,20.7936,2.32597,171,346.487,163.036,26.701,0.15062,7,345.738,159.994,3.0884,1.03038,4.89188,343.288,161.875,1.30654,2.1588,6.04976,343.105,163.168,3.0231,3.01189,6.48644,344.847,165.639,3.07901,3.83494,5.16316,347.917,165.869,1.95289,4.61161,5.00316,349.461,164.673,2.23829,5.27912,6.56315,349.683,162.446,4.64432,6.2356,5.87931
0,-36.5979,-4.09385,172,340.055,162.197,14.0872,0.390556,6,339.995,159.895,2.32997,0.938047,5.20179,338.005,161.107,2.46294,2.11122,4.89188,338.237,163.559,2.8497,3.25225,5.06468,340.872,164.645,1.06325,4.24874,5.00253,341.787,164.104,2.55916,5.24882,4.81518,342.294,161.596,2.85973,6.15348,6.48644
0,220.878,24.7074,175,368.859,162.197,21.2191,0.0560465,6,371.183,160.242,2.16697,0.0996687,5.6209,369.237,159.29,3.42433,1.15257,5.50847,366.34,161.117,2.61421,2.17308,5.42982,366.521,163.725,3.28074,3.19418,5.32071,369.545,164.997,2.61663,4.29416,5.50847,371.564,163.333,3.11377,5.38713,5.3719
0,43.8069,4.90024,198,349.003,158.841,22.5378,0.0571982,6,351.777,157.638,3.66556,0.0475831,5.87931,348.5,155.995,2.47083,1.13095,5.25415,346.483,157.421,2.56369,2.18546,5.81914,346.212,159.971,3.62259,2.9997,5.93228,349.318,161.835,3.20424,4.17197,4.89188,351.866,159.891,2.25485,5.35589,5.593
0,96.3363,10.7762,199,354.876,158.562,22.0286,0.0926642,6,357.295,156.838,2.94392,0.104877,5.34271,354.578,155.704,3.09706,1.19991,5.40094,352.167,157.648,2.24906,2.25311,5.76514,352.305,159.893,3.43337,3.18918,5.87931,355.355,161.468,2.74015,4.22549,5.37918,357.585,159.876,3.05214,5.31468,5.42982
0,-153.606,-17.1824,200,326.911,158.282,18.6834,0.504954,6,329.519,156.627,1.92778,-0,5.31335,327.893,155.591,3.1328,1.0839,5.37918,325.012,156.821,3.46831,2.08319,5.13369,325.312,160.276,1.9708,3.19418,5.32071,327.129,161.04,3.05,4.22549,5.37918,329.636,159.302,2.67768,5.28669,5.66248
0,-201.136,-22.499,201,321.598,158.562,18.2341,0.333795,6,323.587,156.648,1.62587,0.0525831,5.32071,322.177,155.839,3.38498,1.03907,5.51556,319.208,157.466,2.50831,2.10252,5.51556,319.276,159.973,2.47474,3.14159,5.593,321.399,161.245,2.87142,4.18067,5.51556,323.874,159.79,3.1551,5.27099,5.27643
0,-251.131,-28.0915,202,316.005,158.562,22.6343,0.0565736,6,318.774,157.14,2.51418,-0,5.593,316.69,155.734,3.91103,1.03907,5.51556,313.392,157.835,2.57495,2.17308,5.42982,313.709,160.39,3.07309,3.19155,5.59999,316.515,161.642,2.58347,4.24874,5.62785,318.711,160.282,3.14181,5.24411,5.51556
0,-8.5851,-0.96033,206,343.131,158.002,20.8427,0.242693,6,342.526,155.308,2.22348,0.999459,4.65431,340.691,156.564,2.91347,2.1451,5.66248,340.7,159.478,3.00792,3.14159,5.593,343.23,161.105,2.98236,4.07964,5.20179,345.745,159.502,1.82434,5.30039,6.04976,346.058,157.705,4.26943,6.14129,5.93228
0,-58.5804,-6.5528,207,337.538,158.002,14.1206,0.636439,6,339.56,156.921,2.58991,-0,5.593,337.268,155.715,2.00503,1.0839,5.37918,335.556,156.758,2.62127,2.10252,5.51556,335.675,159.376,2.3424,3.19418,5.32071,337.779,160.406,1.98144,4.22549,5.37918,339.485,159.399,2.47902,5.25281,4.89188
0,-106.11,-11.8695,208,332.224,158.282,17.0233,0.357037,6,334.379,156.354,1.36027,0.0525831,5.32071,333.2,155.677,3.37849,1.10715,5.62785,330.156,157.144,2.56409,2.10252,5.51556,330.232,159.707,2.8026,3.14159,5.31335,332.812,160.803,2.23404,4.27255,5.25415,334.649,159.531,3.18848,5.27099,5.27643
0,143.9,16.0967,211,360.189,158.002,22.7228,0.107198,6,362.899,156.528,2.982,0.0499584,5.59999,360.309,155.05,3.32639,1.0839,5.37918,357.584,156.957,2.9465,2.2143,5.593,357.97,159.878,2.86331,3.24647,5.34271,360.616,160.974,3.06938,4.29416,5.50847,363.046,159.099,2.57514,5.35589,5.593
0,193.93,21.693,215,365.782,157.723,22.7714,0,6,368.354,155.889,2.45672,0.104877,5.34271,366.167,154.77,3.47634,1.15257,5.50847,363.224,156.622,2.64886,2.17308,5.42982,363.401,159.265,3.43931,3.19155,5.59999,366.562,160.621,2.65208,4.27255,5.25415,368.675,159.019,3.14607,5.31468,5.42982
0,241.494,27.0136,217,371.096,157.163,22.298,0.0582059,6,373.953,155.818,3.06023,0.0949517,5.89923,371.306,154.282,3.08831,1.10715,5.62785,368.686,155.916,3.02566,2.17308,5.42982,369.013,158.924,3.23612,3.24647,5.34271,372.053,160.033,2.71423,4.29416,5.50847,374.133,158.289,2.4767,5.35589,5.593
0,64.3891,7.20257,236,351.241,154.087,22.4581,0.0661547,6,353.914,152.62,2.68333,0.0996687,5.6209,351.675,151.14,3.15992,1.00653,5.22908,348.943,152.729,3.29163,2.17308,5.42982,349.106,156.016,2.92758,3.14159,5.593,351.817,157.121,2.9938,4.27255,5.25415,354.132,155.223,2.61217,5.39471,5.76514
0,14.3938,1.61009,237,345.648,154.087,23.5658,0.101535,6,348.668,153.135,3.80543,-0,5.593,345.425,151.145,2.43638,1.05841,5.13369,343.348,152.418,3.00151,2.1588,6.04976,342.996,155.399,3.55555,2.9927,5.65558,346.056,157.209,3.18246,4.14105,4.65431,348.625,155.331,2.19603,5.32705,5.81914
0,-225.549,-25.2299,240,318.801,153.808,23.1899,0,6,321.754,152.536,3.15284,-0,5.593,319.066,150.888,3.06952,1.0839,5.37918,316.44,152.477,3.07928,2.17308,5.42982,316.641,155.549,3.0383,3.18918,5.87931,319.379,156.866,2.77163,4.18067,5.51556,321.704,155.356,2.8211,5.24411,5.51556
0,114.453,12.8027,243,356.834,153.528,21.7672,0,6,359.777,152.539,3.17972,0.0475831,5.87931,357.105,150.816,3.56109,1.0839,5.37918,354.21,152.889,2.5447,2.19787,4.76588,354.625,155.4,3.21024,3.24126,5.6209,357.654,156.462,2.77846,4.3415,5.40094,359.811,154.711,2.17149,5.35589,5.593
0,-35.4984,-3.97085,244,340.055,153.248,17.2466,0.625915,6,339.861,150.8,2.2939,1.08084,4.75405,337.949,152.069,2.49313,2.17308,5.42982,337.983,154.562,3.21583,3.14159,5.31335,340.919,155.875,1.99964,4.22549,5.37918,342.547,154.715,2.04694,5.28669,5.66248,342.868,152.693,3.55331,6.1343,5.65558
0,-175.554,-19.6375,245,324.394,153.808,21.0841,0.121263,6,326.984,152.051,2.69297,0.0554985,5.04147,324.589,150.821,2.70686,1.13095,5.25415,322.22,152.13,3.32992,2.1451,5.66248,322.213,155.46,2.18702,3.14159,5.593,324.108,156.552,3.67642,4.18067,5.51556,327.243,154.631,2.59258,5.22478,5.13369
0,-130.524,-14.6004,247,329.428,153.528,12.8382,0.590782,6,330.936,151.873,1.50364,0.0525831,5.32071,329.564,151.259,2.42459,1.13095,5.25415,327.48,152.499,2.45472,2.1294,5.27643,327.663,154.947,2.40575,3.19709,5.04147,329.849,155.951,1.34155,4.22549,5.37918,331.028,155.312,3.43967,5.24411,5.51556
0,166.983,18.6787,249,362.706,153.248,21.684,0,6,365.123,151.556,2.71517,0.104877,5.34271,362.671,150.39,3.04266,1.15257,5.50847,360.187,152.147,2.61517,2.2143,5.593,360.351,154.757,3.30298,3.18918,5.87931,363.334,156.177,2.51837,4.22549,5.37918,365.385,154.715,3.17014,5.31468,5.42982
0,-82.9939,-9.2837,250,334.741,153.248,15.2464,0.781208,6,336.642,151.705,1.96606,-0,5.31335,334.888,150.816,2.61737,1.10715,5.00253,332.677,152.217,2.73568,2.17308,5.42982,332.941,154.94,2.2081,3.19418,5.32071,334.957,155.841,1.86841,4.24874,5.62785,336.598,154.948,3.24356,5.24411,5.51556
0,214.547,23.9992,258,368.02,152.689,22.685,0.0509968,6,370.874,151.296,3.10887,0.0996687,5.6209,368.132,149.831,3.27316,1.15257,5.50847,365.411,151.651,2.64334,2.17308,5.42982,365.696,154.279,3.41334,3.24647,5.34271,368.863,155.552,2.81625,4.29416,5.50847,371.073,153.807,2.5188,5.31468,5.42982
0,264.611,29.5994,260,373.613,152.13,22.9058,0.0582059,6,376.328,150.653,2.9881,0.0499584,5.59999,373.733,149.172,3.03729,1.0839,5.37918,371.199,150.847,3.36614,2.2143,5.593,371.63,154.185,2.74734,3.24126,5.6209,374.175,155.22,2.8247,4.24874,5.62785,376.433,153.522,2.87112,5.35589,5.593
0,37.4415,4.18821,276,348.164,149.613,22.3761,0.218368,6,348.137,146.734,2.90012,1.16293,4.93517,345.743,148.37,2.60936,2.2143,5.593,345.627,150.977,3.39106,3.04664,5.89923,348.621,152.571,2.82786,4.2,5.13369,350.924,150.93,2.81225,5.31468,5.42982,350.906,148.118,3.09545,6.27366,5.87292
0,-14.9848,-1.67621,279,342.292,149.054,18.7997,0.488936,6,342.256,146.382,2.27532,0.999459,4.65431,340.242,147.44,2.89237,2.07789,5.75835,340.059,150.327,3.19219,3.08901,5.32071,342.932,151.718,2.77894,4.22243,4.75405,345.137,150.026,1.46334,5.30039,6.04976,345.269,148.569,3.72309,6.18823,5.89923
0,-202.467,-22.648,280,321.318,149.054,21.2976,0,6,324.09,147.919,3.26969,-0,5.31335,321.248,146.304,2.95834,1.10715,5.00253,318.804,147.971,2.5932,2.17308,5.42982,318.974,150.559,3.21119,3.19155,5.59999,321.866,151.955,2.64473,4.22549,5.37918,324.042,150.453,2.53403,5.28669,5.66248
0,-252.497,-28.2443,281,315.725,149.333,22.6428,0,6,318.432,147.861,2.83214,0.0499584,5.59999,315.989,146.429,3.34384,1.0839,5.37918,313.175,148.236,2.63283,2.17308,5.42982,313.348,150.863,3.23504,3.19155,5.59999,316.219,152.354,2.85025,4.18067,5.51556,318.54,150.699,2.84065,5.31468,5.42982
0,-62.446,-6.98521,285,336.978,148.774,13.4386,0.82174,6,336.83,146.432,1.85082,1.0839,5.37918,335.224,147.353,2.73511,2.1294,5.27643,335.194,150.087,2.48593,3.14159,5.31335,337.466,151.096,1.57364,4.24874,5.00253,338.784,150.236,2.71927,5.31468,5.42982,338.93,147.521,2.3662,6.2306,5.32071
0,-109.942,-12.2981,286,331.665,148.774,14.3118,0.907703,6,333.658,147.544,2.36776,-0,5.31335,331.583,146.404,1.9236,1.05841,5.13369,329.883,147.303,3.15952,2.08319,5.13369,330.066,150.457,2.30625,3.19709,5.04147,332.221,151.278,1.58161,4.27255,5.25415,333.55,150.42,2.87763,5.31468,5.42982
0,-154.972,-17.3351,287,326.631,149.054,17.6055,0.284093,6,328.573,147.137,1.89309,0.0554985,5.04147,326.883,146.286,2.8335,1.0839,5.37918,324.454,147.745,2.61268,2.17308,5.42982,324.452,150.357,3.35625,3.14159,5.31335,327.549,151.653,1.4269,4.27255,5.25415,328.745,150.875,3.74156,5.27099,5.27643
0,137.535,15.3847,290,359.35,148.774,23.6009,0.056209,6,361.822,147.051,2.77786,0.0996687,5.6209,359.315,145.855,3.55561,1.15257,5.50847,356.489,148.013,2.55927,2.2143,5.593,356.935,150.533,3.22459,3.30845,5.38818,359.847,151.918,2.74476,4.22549,5.37918,362.07,150.307,3.2655,5.35589,5.593
0,187.599,20.9849,297,364.943,148.215,21.2432,0.105047,6,367.644,147,2.99266,0.104877,5.34271,365.034,145.537,3.3586,1.13095,5.25415,362.347,147.552,2.53861,2.2143,5.593,362.751,150.059,2.95888,3.24126,5.6209,365.493,151.168,2.84586,4.29416,5.50847,367.792,149.491,2.49519,5.31468,5.42982
0,235.163,26.3054,300,370.257,147.655,22.7558,0.0660443,6,373.163,146.35,3.29161,0.0475831,5.87931,370.325,144.683,2.94958,1.0839,5.37918,367.853,146.291,3.14955,2.20355,5.20179,368.163,149.425,3.25202,3.24647,5.34271,371.219,150.538,2.6473,4.29416,5.50847,373.255,148.846,2.49774,5.35589,5.593
0,7.99409,0.89422,313,344.809,145.138,15.8944,0.655402,5,346.577,143.262,3.06849,0.0105259,5.31365,343.671,142.277,4.1281,1.15145,5.08256,342.561,146.253,2.82027,2.9341,5.42982,344.964,147.728,2.0953,4.14105,4.65431,346.724,146.591,3.33229,5.35589,5.593
0,-86.8939,-9.71995,322,334.182,144.299,10.699,1.03049,6,336.039,143.33,2.19804,0.0525831,5.32071,334.134,142.233,1.55699,1.05841,5.13369,332.762,142.968,2.37296,2.1294,5.27643,332.67,145.339,2.93539,3.14159,5.0337,335.389,146.445,0.674626,4.2,5.13369,335.948,146.068,2.7396,5.27099,5.27643
0,-229.415,-25.6624,323,318.242,144.579,21.571,0,6,320.781,142.998,2.62005,-0,5.31335,318.503,141.704,3.30986,1.0839,5.37918,315.718,143.493,2.60285,2.17308,5.42982,315.889,146.09,3.30082,3.19155,5.59999,318.869,147.509,2.31349,4.22549,5.37918,320.773,146.194,3.19591,5.31468,5.42982
0,-131.89,-14.7532,327,329.148,144.299,18.5191,0.251613,6,331.284,142.517,2.1676,-0,5.0337,329.35,141.539,2.86718,1.10715,5.00253,326.908,143.041,2.90379,2.17308,5.42982,327.096,145.939,2.4403,3.19155,5.59999,329.286,147.016,2.34608,4.22549,5.37918,331.338,145.879,3.3621,5.22478,5.13369
0,-181.919,-20.3495,328,323.555,144.579,22.641,0.0565736,6,326.457,143.274,3.17501,0.0499584,5.59999,323.733,141.643,2.9914,1.0839,5.37918,321.119,143.098,2.96884,2.10252,5.51556,321.121,146.067,3.15266,3.14159,5.31335,323.955,147.447,3.32123,4.24874,5.00253,326.589,145.423,2.15346,5.31468,5.42982
0,108.088,12.0907,333,355.995,144.299,23.1709,0,6,358.464,142.594,2.7059,0.0996687,5.6209,356.061,141.349,3.60037,1.10715,5.62785,353.173,143.499,2.63883,2.2143,5.593,353.584,146.105,3.46892,3.27414,5.92463,356.858,147.252,2.333,4.36278,5.715,358.707,145.829,3.24434,5.35589,5.593
0,-39.364,-4.40326,334,339.495,144.02,14.5366,0.869078,6,339.237,141.615,1.93624,1.14736,4.35573,337.595,142.642,2.85548,2.1588,5.04147,337.718,145.494,2.33779,3.19418,5.32071,339.84,146.474,1.38985,4.22549,5.37918,341.079,145.844,3.1247,5.21949,5.75835,341.667,142.775,2.69328,6.07569,5.42982
0,158.152,17.6909,339,361.588,143.74,23.0677,0.0582059,6,364.381,142.57,3.26108,0.0499584,5.59999,361.573,140.913,3.41048,1.0839,5.37918,358.799,142.897,2.57942,2.17308,5.42982,359.126,145.456,3.42163,3.24126,5.6209,362.283,146.774,2.68895,4.29416,5.50847,364.416,145.137,2.56756,5.35589,5.593
0,208.181,23.2872,341,367.181,143.461,22.8564,0.0150475,6,370.052,142.105,3.07576,0.0996687,5.6209,367.393,140.561,3.30543,1.10715,5.62785,364.618,142.358,2.94457,2.17308,5.42982,364.883,145.29,2.82264,3.19155,5.59999,367.458,146.448,3.56815,4.27255,5.25415,370.263,144.243,2.14815,5.34514,5.20179
0,258.245,28.8873,347,372.774,142.901,22.6654,0,6,375.744,141.939,3.18363,0.0475831,5.87931,373.296,139.903,3.41349,0.89434,5.0924,370.357,141.641,3.04967,2.17308,5.42982,370.677,144.673,3.10222,3.24126,5.6209,373.53,145.893,2.87585,4.22549,5.37918,375.771,144.092,2.15329,5.35589,5.593
0,78.6403,8.79671,370,352.639,139.825,23.3075,0.0392886,6,355.389,138.535,3.68846,0.0949517,5.89923,352.026,137.022,2.89051,1.18019,5.14131,349.864,138.942,2.6351,2.28489,5.5509,350.219,141.553,3.34115,3.25757,5.79976,353.279,142.893,2.84161,4.26591,5.82881,355.531,141.159,2.62771,5.35589,5.593
0,-111.342,-12.4547,371,331.385,139.825,15.0573,0.75463,6,333.364,138.323,2.10181,-0,5.31335,331.506,137.341,2.1306,1.0839,5.37918,329.599,138.293,3.01135,2.08319,5.13369,329.584,141.304,2.5571,3.14159,5.31335,331.936,142.307,1.64287,4.24874,5.00253,333.333,141.443,3.12038,5.27099,5.27643
0,-158.837,-17.7675,372,326.072,139.825,18.9123,0.250753,6,328.132,137.906,1.74303,-0,5.31335,326.634,137.015,3.15788,1.0122,5.27643,323.853,138.512,2.92252,2.1294,5.27643,323.931,141.433,3.0289,3.14159,5.31335,326.686,142.691,1.69134,4.22549,5.37918,328.118,141.792,3.88576,5.31468,5.42982
0,-206.333,-23.0804,373,320.759,139.825,21.2803,0,6,323.536,138.728,3.21269,-0,5.31335,320.806,137.034,3.07891,1.05841,5.13369,318.245,138.743,2.59227,2.17308,5.42982,318.415,141.33,3.09542,3.19155,5.59999,321.191,142.699,2.7254,4.22549,5.37918,323.482,141.223,2.49498,5.24411,5.51556
0,-256.362,-28.6767,374,315.166,140.105,23.265,0,6,317.889,138.623,3.08061,0.0499584,5.59999,315.204,137.113,2.97979,1.0839,5.37918,312.66,138.665,2.97869,2.1451,5.66248,312.773,141.642,3.35509,3.19155,5.59999,315.803,143.081,2.71695,4.22549,5.37918,317.998,141.479,2.85783,5.31468,5.42982
0,-63.8462,-7.14184,376,336.699,139.825,13.8812,0.835119,6,336.345,137.481,1.64189,1.05841,5.13369,334.92,138.296,2.6625,2.10252,5.51556,334.811,140.956,2.91021,3.14159,5.31335,337.439,142.207,1.37579,4.2,5.13369,338.586,141.447,2.61332,5.30039,5.04147,338.819,138.844,2.82459,6.23444,4.59172
0,131.204,14.6765,380,358.512,139.266,22.1733,0.0953928,6,361.081,137.904,3.2771,0.0499584,5.59999,358.14,136.458,3.28405,1.13095,5.25415,355.738,138.699,2.27371,2.32173,5.73794,356.065,140.949,3.17511,3.23654,5.89923,358.936,142.306,2.64572,4.24874,5.62785,361.127,140.822,2.9185,5.31468,5.42982
0,181.234,20.2728,385,364.105,138.986,23.56,0.046662,6,366.788,137.455,2.97867,0.0996687,5.6209,364.171,136.033,3.2121,1.10715,5.62785,361.533,137.866,2.97304,2.2143,5.593,361.799,140.827,2.95002,3.19155,5.59999,364.465,142.091,3.11088,4.22549,5.37918,367.005,140.296,2.84907,5.31468,5.42982
0,231.298,25.873,387,369.698,138.427,22.4348,0,6,369.873,135.537,3.3414,0.889026,4.97023,367.085,137.379,2.95254,2.17308,5.42982,367.464,140.307,2.91354,3.24126,5.6209,370.125,141.492,3.09538,4.24874,5.62785,372.636,139.682,1.5736,5.31468,5.42982,372.812,138.118,3.91124,6.203,6.28436
0,1.69743,0.189875,406,343.97,135.351,18.3471,0.0831034,6,344.047,132.61,2.71422,1.03038,4.89188,341.771,134.088,2.83104,2.20482,4.72071,341.849,136.918,2.77997,3.14159,4.75405,344.332,138.169,1.76842,4.19324,5.41107,345.897,137.344,3.54,5.22684,5.91062,346.156,133.813,2.42874,6.22769,5.04147
0,46.6588,5.21926,407,349.003,135.63,22.0724,0.10955,6,351.75,134.471,3.18198,0.0996687,5.6209,349.055,132.78,3.0332,1.04024,4.86334,346.429,134.298,2.68365,2.08319,5.13369,346.345,136.98,3.68682,3.08609,5.04147,349.711,138.483,2.97112,4.30058,5.30982,351.912,136.486,2.02122,5.42648,5.5509
0,-40.7985,-4.56373,408,339.216,135.351,14.2944,0.70458,6,341.46,134.245,2.61009,-0,4.75405,339.18,132.974,1.6238,1.09545,4.27746,337.716,133.675,3.10126,2.08319,5.13369,337.524,136.77,2.20802,3.08901,5.32071,339.516,137.723,2.12788,4.2,5.13369,341.402,136.739,2.4948,5.12729,5.13369
0,-133.29,-14.9098,409,328.869,135.351,14.2282,0.454619,6,330.843,134.053,2.37117,0.0554985,5.04147,328.723,132.992,1.95274,1.10715,5.00253,327.022,133.951,2.53106,2.10252,5.51556,326.952,136.481,2.54875,3.14159,5.593,329.176,137.725,2.03381,4.15379,5.27643,330.927,136.689,2.63723,5.22478,5.13369
0,-183.285,-20.5023,410,323.276,135.351,23.0783,0.100677,6,326.18,133.801,2.55455,-0,5.593,324.059,132.377,3.48895,1.03907,5.51556,320.961,133.981,3.05147,2.1294,5.27643,321.047,137.031,2.96261,3.14159,5.593,323.71,138.33,3.06904,4.2,5.13369,326.236,136.588,2.78734,5.27099,5.27643
0,-233.28,-26.0948,411,317.683,135.351,23.3739,0,6,320.652,134.11,3.07589,-0,5.593,318.121,132.362,3.48791,1.0122,5.27643,315.151,134.192,2.65411,2.17308,5.42982,315.228,136.845,3.43411,3.14159,5.593,318.322,138.335,2.9122,4.22549,5.37918,320.653,136.589,2.47975,5.31468,5.42982
0,96.7228,10.8194,416,354.596,135.071,23.2976,0.114686,6,357.569,134.05,3.7056,0.0906599,6.17767,354.373,132.174,3.41596,1.0839,5.37918,351.78,134.398,2.43658,2.28195,4.79859,352.125,136.81,3.54172,3.24126,5.6209,355.428,138.089,3.14297,4.32178,5.14131,357.69,135.907,1.86075,5.46332,5.73794
0,-88.2597,-9.87274,417,333.902,135.071,12.459,0.9588,6,333.345,132.849,1.49623,0.982794,5.04147,332.097,133.674,2.69596,2.1588,5.04147,332.166,136.369,2.55253,3.19709,5.04147,334.496,137.411,1.1725,4.22549,5.37918,335.516,136.833,2.49541,5.24411,5.51556,335.863,134.362,2.9374,6.2306,5.32071
0,151.786,16.9788,427,360.749,134.512,25.2216,0.0185294,6,363.505,133.046,3.4017,0.0949517,5.89923,360.548,131.364,3.36768,1.04648,5.36258,357.93,133.482,2.77969,2.28489,5.5509,358.229,136.245,3.4556,3.23225,6.17767,361.394,137.633,2.89443,4.27255,5.25415,363.687,135.867,2.82737,5.35589,5.593
0,204.35,22.8586,429,366.621,133.952,24.0286,0,6,366.605,130.886,3.46643,1.0637,5.75835,363.828,132.96,2.72223,2.23373,5.1801,364.131,135.665,3.23079,3.23654,5.89923,367.053,137.045,2.42445,4.24874,5.62785,369.087,135.726,3.2826,5.31468,5.42982,369.355,132.455,3.16603,6.18441,6.23864
0,-22.8776,-2.55909,-51,341.285,140.049,12.3488,0.104786,5,342.204,137.793,2.5169,1.05165,5.41107,339.813,138.579,2.19024,1.9857,5.13369,339.534,140.752,4.00896,3.09285,4.59172,343.333,142.031,3.23959,4.28895,4.35573,343.669,138.809,1.78377,6.20336,5.61087
0,27.0627,3.02724,-52,346.878,140.496,20.0349,0.111001,6,349.421,138.948,3.15683,0.115982,5.79976,346.554,137.627,2.44868,1.15899,5.30982,344.44,138.863,2.247,2.08525,5.91062,344.149,141.091,4.41581,3.06176,5.61087,348.171,142.915,2.03315,4.29305,5.08256,349.698,141.572,2.63872,5.32801,5.61756
0,55.4965,6.20784,-54,350.122,145.083,22.1252,0.320569,6,352.691,143.303,2.93397,0.132552,5.92463,350.059,142.006,2.97205,1.12431,5.82881,347.572,143.634,2.39828,2.18642,5.61756,347.487,146.03,4.32204,3.15212,5.31365,351.484,147.673,2.21664,4.30452,4.93517,353.068,146.122,2.84431,5.419,6.03008
0,89.9296,10.0595,-55,354.037,149.669,21.1549,0.219751,6,355.978,147.449,2.6226,0.166855,5.38818,353.484,146.639,2.28787,1.22119,5.715,351.658,148.018,2.6312,2.27741,6.03008,351.495,150.644,3.55608,3.13207,5.87292,354.547,152.47,2.57246,4.14812,5.22908,356.616,150.942,3.5508,5.33946,4.76588
0,259.769,29.0578,-60,372.83,134.568,29.0222,0.215607,6,375.444,132.114,2.99641,0.0544915,6.16145,372.662,131.001,3.19814,1.1934,6.6782,369.904,132.62,2.37058,2.11412,6.59927,369.524,134.96,4.37443,3.04282,6.23864,372.869,137.779,3.73217,4.03062,4.97023,375.893,135.59,3.50524,5.33506,5.37045
1,77.0889,8.62317,290,352.807,164.658,23.2611,0,6,355.491,163.204,2.70553,0.0499584,5.59999,353.142,161.862,3.56902,1.10715,5.62785,350.122,163.763,2.57521,2.1451,5.66248,350.234,166.336,3.35207,3.14159,5.87265,353.254,167.79,2.88677,4.24874,5.62785,355.603,166.112,2.91051,5.32705,5.81914
1,25.0801,2.80546,291,346.99,164.77,23.5676,0.0613509,6,349.786,163.204,3.10802,-0,5.87265,347.102,161.638,3.16586,1.03907,5.51556,344.417,163.316,1.80369,2.1588,6.04976,344.193,165.105,4.45478,3.05485,6.45623,347.661,167.902,2.4199,4.00376,5.15649,349.675,166.56,3.35767,5.30039,6.04976
1,-178.901,-20.0118,292,324.171,164.77,19.4197,0.118749,6,326.52,163.092,1.95675,0.0499584,5.59999,324.842,162.085,3.15199,1.0637,5.75835,322.045,163.539,2.91051,2.10252,5.51556,322.157,166.448,2.75139,3.14159,5.593,324.618,167.678,2.35969,4.18067,5.51556,326.631,166.448,3.35767,5.27099,5.27643
1,-227.896,-25.4925,293,318.689,164.77,22.942,0.0643707,6,321.598,163.539,2.73085,-0,5.593,319.361,161.973,3.65219,1.03907,5.51556,316.117,163.651,3.0285,2.10252,5.51556,316.34,166.672,2.70322,3.19155,5.59999,318.801,167.79,3.32019,4.22549,5.37918,321.598,166,2.46092,5.24411,5.51556
1,126.112,14.1069,298,358.288,164.434,23.4675,0.0470347,6,360.861,162.645,2.45583,0.0949517,5.89923,358.735,161.414,3.5107,1.12842,5.87931,355.715,163.204,3.03881,2.1451,5.66248,356.051,166.224,3.15794,3.19155,5.59999,358.959,167.455,2.86502,4.29416,5.50847,361.196,165.665,3.03881,5.32705,5.81914
1,-128.878,-14.4163,299,329.763,164.546,20.4895,0.381453,6,332.448,163.092,2.609,0.0525831,5.32071,330.211,161.75,3.15199,1.10715,5.62785,327.414,163.204,2.92766,2.10252,5.51556,327.75,166.112,2.45583,3.19155,5.59999,329.875,167.343,3.16586,4.18067,5.51556,332.56,165.665,2.57521,5.27099,5.27643
1,-31.8458,-3.56227,301,340.614,164.211,24.0619,0.0860648,6,341.285,161.19,3.70492,0.968509,5.42982,338.041,162.98,2.68697,2.1451,5.66248,338.153,165.665,3.26125,3.14159,5.593,340.949,167.343,3.51248,4.15379,5.27643,343.746,165.217,2.01348,5.31468,5.42982,343.746,163.204,3.17966,6.19645,6.45623
1,-81.8411,-9.15475,302,335.021,164.211,16.7795,0.408104,6,337.706,163.204,2.4199,-0,5.593,335.692,161.862,3.00152,1.0839,5.37918,333.007,163.204,2.81656,2.10252,5.51556,333.343,166,2.20339,3.19418,5.32071,335.357,166.895,2.73085,4.22549,5.37918,337.594,165.329,2.12828,5.27099,5.27643
1,178.189,19.9323,306,364.105,163.763,23.6427,0,6,366.565,162.085,3.05523,0.0996687,5.6209,363.769,160.855,2.95319,1.17227,5.76514,361.42,162.645,2.91695,2.18546,5.81914,361.644,165.553,3.20319,3.23654,5.89923,364.552,166.895,2.73085,4.27001,5.87931,366.789,165.329,3.25165,5.28669,5.66248
1,228.24,25.5309,310,369.698,163.316,25.5696,0.0468408,6,372.382,161.638,3.30508,0.0996687,5.6209,369.362,160.295,3.13408,1.17227,5.76514,366.789,162.085,3.16388,2.18546,5.81914,367.237,165.217,3.10197,3.24126,5.6209,370.033,166.56,3.11003,4.27001,5.87931,372.494,164.658,3.02229,5.35589,5.593
1,50.6688,5.66781,338,349.786,159.96,23.4675,0.0527048,6,352.359,158.618,3.50177,0.0499584,5.59999,349.227,157.052,2.63999,1.0839,5.37918,347.102,158.618,2.68464,2.22364,5.98478,347.102,161.302,3.80324,3.09617,6.15866,350.458,163.092,2.26499,4.18067,5.51556,352.359,161.862,3.24394,5.28669,5.66248
1,-152.285,-17.0346,339,327.079,159.736,21.1902,0.183896,6,329.652,158.282,2.609,0.0525831,5.32071,327.414,156.94,3.41494,1.0839,5.37918,324.506,158.729,2.92766,2.1451,5.66248,324.842,161.638,2.15167,3.19155,5.59999,326.743,162.645,3.66416,4.20529,5.75835,329.875,160.743,2.47107,5.24411,5.51556
1,-202.321,-22.6317,340,321.486,160.072,22.0974,0,6,324.171,158.618,2.70553,0.0499584,5.59999,321.821,157.275,3.26125,1.10715,5.62785,319.025,158.953,2.57278,2.1451,5.66248,319.025,161.526,3.40209,3.14159,5.593,322.045,163.092,2.57521,4.18067,5.51556,324.171,161.638,3.02022,5.24411,5.51556
1,-252.316,-28.2241,341,315.893,160.072,25.1505,0.106656,6,318.689,158.618,3.01192,-0,5.593,316.117,157.052,3.53733,1.0839,5.37918,313.208,159.065,3.51248,2.17308,5.42982,313.768,162.533,2.15167,3.24126,5.6209,315.669,163.539,3.41494,4.20529,5.75835,318.577,161.75,3.13408,5.24411,5.51556
1,99.6916,11.1515,344,355.268,159.736,22.8794,0.0205476,6,357.729,157.946,2.6018,0.0996687,5.6209,355.379,156.828,3.3818,1.15257,5.50847,352.583,158.729,2.58249,2.17308,5.42982,352.807,161.302,3.25165,3.19155,5.59999,355.715,162.756,2.66828,4.24874,5.62785,357.952,161.302,3.36325,5.28669,5.66248
1,-4.29856,-0.480838,345,343.634,159.736,23.7616,0.311592,6,343.97,156.716,3.10802,1.05841,5.13369,341.285,158.282,2.57521,2.11935,5.89923,341.173,160.855,3.81802,3.09617,6.15866,344.417,162.868,2.57521,4.1101,5.42982,346.543,161.414,2.91051,5.30039,6.04976,346.654,158.506,3.22654,6.23776,6.15866
1,-58.266,-6.51764,348,337.594,159.512,18.4937,0.355669,6,338.265,156.716,2.95319,0.996491,5.66248,335.58,157.946,3.02022,2.10252,5.51556,335.58,160.967,3.36511,3.14159,5.31335,338.712,162.197,1.20995,4.22549,5.37918,339.719,161.526,3.69816,5.28669,5.66248,339.943,157.835,2.01659,6.23776,6.15866
1,-106.261,-11.8864,349,332.224,159.512,17.0235,0.472278,6,335.021,158.953,2.9785,-0,5.31335,332.56,157.275,2.76274,1.0839,5.37918,330.211,158.729,2.94258,2.1294,5.27643,330.658,161.638,2.2288,3.19418,5.32071,332.784,162.309,2.35969,4.24874,5.62785,334.797,161.079,2.13708,5.24411,5.51556
1,148.769,16.6414,352,360.749,159.065,23.1047,0,6,363.322,157.387,2.70322,0.0996687,5.6209,360.861,156.269,3.44594,1.15257,5.50847,358.064,158.282,2.59457,2.2143,5.593,358.4,160.855,3.20319,3.24126,5.6209,361.308,162.197,2.73085,4.27001,5.87931,363.545,160.631,3.25165,5.32705,5.81914
1,198.82,22.24,356,366.342,158.618,23.2236,0,6,368.803,156.828,2.70322,0.0996687,5.6209,366.342,155.709,3.44594,1.15257,5.50847,363.545,157.723,2.83207,2.2143,5.593,363.993,160.519,2.90836,3.24126,5.6209,366.677,161.638,2.82322,4.31387,5.76514,369.026,160.072,3.25165,5.32705,5.81914
1,248.897,27.8417,360,371.935,157.946,24.3059,0.0429831,6,374.508,156.38,3.00152,0.0996687,5.6209,371.823,155.038,3.51248,1.15257,5.50847,369.026,157.163,2.94258,2.2143,5.593,369.474,160.072,2.8672,3.24126,5.6209,372.158,161.079,3.13408,4.31387,5.76514,374.731,159.289,2.91695,5.32705,5.81914
1,73.2439,8.19307,384,352.247,155.262,22.3789,0.0557781,6,354.708,153.584,3.15794,0.104877,5.34271,351.8,152.353,2.70785,1.19991,5.40094,349.675,154.031,2.57278,2.18546,5.81914,349.675,156.604,3.60217,3.14159,6.1523,352.919,158.17,2.4837,4.22549,5.37918,354.932,156.716,3.14006,5.31468,5.42982
1,18.2491,2.04135,385,346.095,155.262,23.7303,0.0171677,6,349.115,154.031,3.3818,-0,6.1523,346.319,152.13,2.75139,1.03907,5.51556,343.858,153.36,2.92766,2.07789,5.75835,343.522,156.269,4.05329,3.04192,5.6209,347.102,158.17,2.5508,4.2,5.13369,349.115,156.604,2.57278,5.36524,5.98478
1,-229.741,-25.6989,386,318.354,155.374,22.7981,0.0533271,6,321.262,154.031,2.73085,0.0499584,5.59999,319.025,152.465,3.30319,1.0637,5.75835,316.117,154.031,3.02229,2.10252,5.51556,316.228,157.052,3.30508,3.19155,5.59999,319.249,158.394,2.63999,4.22549,5.37918,321.374,156.828,2.79874,5.28669,5.66248
1,-129.709,-14.5093,391,329.54,155.038,19.7137,0.258541,6,331.665,153.025,1.80369,0.0525831,5.32071,330.099,152.13,3.20514,1.10715,5.62785,327.303,153.696,2.91051,2.1451,5.66248,327.414,156.604,2.85188,3.14159,5.593,329.987,157.835,2.20623,4.22549,5.37918,331.889,156.716,3.69816,5.27099,5.27643
1,-179.705,-20.1018,392,323.947,155.038,23.2673,0,6,326.967,153.808,2.91695,-0,5.593,324.506,152.242,3.25165,1.0839,5.37918,321.598,153.696,3.37254,2.10252,5.51556,321.933,157.052,2.90836,3.19155,5.59999,324.618,158.17,2.73085,4.24874,5.62785,326.855,156.604,2.79874,5.28669,5.66248
1,120.308,13.4577,394,357.505,154.702,24.6312,0,6,360.078,152.801,3.05523,0.0996687,5.6209,357.281,151.57,2.88677,1.17227,5.76514,354.932,153.248,3.37254,2.2143,5.593,355.268,156.604,3.11606,3.24647,5.34271,358.176,157.723,2.7965,4.29416,5.50847,360.413,156.045,3.26125,5.35589,5.593
1,-30.6775,-3.43159,395,340.614,154.702,20.94,0.385862,6,340.949,151.906,3.32019,1.0122,5.27643,338.153,153.696,2.46346,2.1451,5.66248,338.265,156.157,2.76274,3.14159,5.87265,340.614,157.611,3.16586,4.13808,5.66248,343.299,155.933,2.24836,5.26094,5.89923,343.522,153.696,3.13408,6.18352,5.6209
1,-82.6726,-9.24776,396,334.797,154.702,20.5834,0.507442,6,337.482,153.36,2.57521,-0,5.87265,335.357,151.906,3.05319,1.03907,5.51556,332.672,153.36,3.25165,2.10252,5.51556,332.896,156.604,2.76274,3.19418,5.32071,335.468,157.611,2.26499,4.22549,5.37918,337.37,156.38,3.02229,5.24411,5.51556
1,169.372,18.946,405,362.986,154.143,23.3049,0,6,365.671,152.577,3.15199,0.0996687,5.6209,362.874,151.123,2.88677,1.12842,5.87931,360.525,152.801,3.26125,2.18546,5.81914,360.861,156.045,3.01192,3.24126,5.6209,363.657,157.163,2.86502,4.29416,5.50847,365.894,155.374,2.80544,5.35589,5.593
1,219.45,24.5477,408,368.579,153.472,23.7866,0.0555371,6,371.152,151.682,2.30334,0.0996687,5.6209,369.138,150.564,3.76023,1.12842,5.87931,365.894,152.465,2.94258,2.1451,5.66248,366.342,155.374,3.15794,3.24126,5.6209,369.25,156.604,2.7965,4.29416,5.50847,371.487,154.926,3.26125,5.35589,5.593
1,44.8239,5.01401,432,349.003,150.564,23.1547,0.0800943,6,351.464,148.774,3.05523,0.0525831,5.32071,348.668,147.543,2.7965,1.15257,5.50847,346.431,149.221,2.57521,2.18546,5.81914,346.319,151.794,3.60738,3.09163,5.59999,349.451,153.584,2.57521,4.18067,5.51556,351.576,152.13,3.35767,5.32705,5.81914
1,-203.125,-22.7216,433,321.262,150.34,22.5228,0.0533271,6,323.947,148.886,2.95531,-0,5.31335,321.374,147.432,3.22654,1.13095,5.25415,318.689,149.221,2.57521,2.17308,5.42982,318.801,151.794,3.50177,3.19155,5.59999,321.933,153.36,2.32766,4.20529,5.75835,323.835,152.018,3.13408,5.24411,5.51556
1,-253.148,-28.3171,434,315.669,150.564,24.5874,0.0533271,6,318.354,148.998,2.95531,0.0499584,5.59999,315.781,147.543,3.41494,1.0839,5.37918,312.873,149.333,2.68697,2.1451,5.66248,312.984,152.018,3.70323,3.19155,5.59999,316.34,153.584,2.51374,4.20529,5.75835,318.466,152.242,3.24587,5.24411,5.51556
1,90.8608,10.1637,439,354.149,150.228,23.6051,0,6,356.722,148.438,2.65182,0.14889,5.65558,354.373,147.208,3.10802,1.12842,5.87931,351.688,148.774,3.36325,2.1451,5.66248,351.912,152.13,3.01192,3.19418,5.32071,354.708,153.248,3.25165,4.3415,5.40094,357.169,151.123,2.72167,5.35589,5.593
1,-5.14384,-0.575391,440,343.41,150.34,19.1131,0.256915,6,342.739,147.655,2.08072,1.10715,5.00253,341.061,148.886,2.46346,2.19628,6.20924,340.949,151.347,3.45501,3.09401,5.87931,343.97,153.025,2.05348,4.15379,5.27643,345.759,152.018,2.59457,5.21949,5.75835,346.095,149.445,3.80324,6.23323,5.59999
1,-57.0977,-6.38695,441,337.594,150.004,17.8618,0.487318,6,337.706,147.32,2.40174,1.13095,5.25415,335.58,148.438,3.02022,2.17308,5.42982,335.58,151.459,2.40174,3.14159,5.593,337.706,152.577,2.82322,4.18067,5.51556,340.055,151.011,2.46092,5.28669,5.66248,340.055,148.55,2.65182,6.2356,5.87931
1,-107.093,-11.9794,442,332.001,150.004,18.7315,0.288295,6,334.573,148.774,2.85846,-0,5.593,332.113,147.32,2.76274,1.05841,5.13369,329.763,148.774,2.80544,2.17308,5.42982,329.987,151.57,2.6018,3.19155,5.59999,332.336,152.689,2.51374,4.24874,5.62785,334.462,151.347,2.57521,5.24411,5.51556
1,-157.129,-17.5765,443,326.408,150.34,24.2308,0.0140927,6,329.316,148.662,2.76274,0.0499584,5.59999,326.967,147.208,3.05319,1.0839,5.37918,324.282,148.662,3.35767,2.1451,5.66248,324.171,152.018,3.4076,3.14159,5.31335,327.303,153.36,2.63999,4.22549,5.37918,329.428,151.794,3.13408,5.28669,5.66248
1,140.952,15.7669,452,359.742,149.445,21.916,0,6,362.427,148.215,3.16586,0.0949517,5.89923,359.742,146.537,3.19928,1.0839,5.37918,357.169,148.438,2.94258,2.17308,5.42982,357.617,151.347,2.9722,3.29048,5.65558,360.413,152.353,2.70785,4.31387,5.76514,362.539,150.676,2.46346,5.32705,5.81914
1,193.03,21.5923,458,365.559,148.774,23.9618,0.0555371,6,368.02,147.096,2.85188,0.0996687,5.6209,365.447,145.866,3.42409,1.15257,5.50847,362.762,147.991,2.94258,2.24554,5.3719,363.21,150.899,2.70322,3.23654,5.89923,365.671,152.018,3.07157,4.27001,5.87931,368.243,150.34,3.25165,5.28669,5.66248
1,242.08,27.0791,460,371.04,148.326,23.6677,0.0186005,6,373.725,146.76,2.95531,0.0996687,5.6209,371.152,145.306,3.60217,1.10715,5.62785,368.243,147.432,2.59457,2.2143,5.593,368.579,150.004,3.26125,3.24126,5.6209,371.599,151.235,2.82322,4.27001,5.87931,373.948,149.669,2.91695,5.28669,5.66248
1,15.404,1.7231,478,345.648,145.866,17.3113,0.422399,6,347.997,144.523,2.55325,0.0499584,5.59999,345.759,143.293,2.40174,1.13095,5.25415,343.634,144.411,2.91051,2.02487,5.22789,343.522,147.32,2.6018,3.04664,5.89923,345.871,148.438,2.57521,4.24874,5.00253,347.997,146.984,2.46092,5.32705,5.81914
1,-133.554,-14.9394,486,328.98,145.642,21.5906,0.0275589,6,331.889,144.076,2.57521,-0,5.593,329.763,142.622,3.40209,1.0839,5.37918,326.743,144.188,2.68464,2.10252,5.51556,326.743,146.872,3.4532,3.14159,5.593,329.875,148.326,2.5508,4.22549,5.37918,331.889,146.76,2.68464,5.31468,5.42982
1,-230.573,-25.7919,487,318.13,145.866,21.5969,0,6,320.815,144.411,2.70553,0.0525831,5.32071,318.466,143.069,3.26125,1.0839,5.37918,315.669,144.747,2.57521,2.1451,5.66248,315.781,147.32,3.35207,3.14159,5.593,318.801,148.774,2.63999,4.22549,5.37918,320.927,147.208,2.79874,5.31468,5.42982
1,65.4406,7.32019,490,351.241,145.53,22.5729,0.0748917,6,353.813,143.964,2.9019,0.0996687,5.6209,351.241,142.622,3.13408,1.13095,5.25415,348.668,144.411,2.91695,2.2143,5.593,348.892,147.32,2.90836,3.19155,5.59999,351.576,148.438,2.91695,4.29416,5.50847,354.037,146.872,2.91695,5.28669,5.66248
1,-84.559,-9.45878,491,334.462,145.642,18.4812,0.44634,6,336.923,143.964,2.30334,0.0525831,5.32071,334.909,142.845,2.80321,1.0839,5.37918,332.448,144.188,2.68464,2.1451,5.66248,332.448,146.872,3.00152,3.14159,5.593,335.133,148.215,2.32766,4.2,5.13369,337.034,146.872,2.91051,5.31468,5.42982
1,-182.55,-20.42,492,323.499,145.642,22.9545,0.0140927,6,326.296,144.076,2.4837,-0,5.593,324.282,142.622,3.60217,1.03907,5.51556,321.038,144.188,3.14006,2.1294,5.27643,321.262,147.32,3.22072,3.19418,5.32071,324.282,148.438,2.63999,4.27255,5.25415,326.408,146.872,2.79874,5.28669,5.66248
1,-36.5086,-4.08385,495,339.831,145.194,18.1997,0.443747,6,340.39,142.733,2.9019,0.857736,5.472,337.817,144.076,3.16388,2.1294,5.27643,338.265,147.208,2.82986,3.19418,5.32071,340.949,148.103,1.99161,4.27255,5.25415,342.516,146.872,1.80369,5.33787,6.20924,342.739,145.083,3.32207,6.18823,5.89923
1,114.505,12.8085,499,356.722,144.971,23.236,0,6,359.406,143.405,3.10197,0.0499584,5.59999,356.61,142.062,3.19928,1.15257,5.50847,354.037,143.964,2.94258,2.24554,5.3719,354.485,146.872,2.90836,3.24126,5.6209,357.169,147.991,2.88677,4.27001,5.87931,359.518,146.313,2.91051,5.31468,5.42982
1,163.541,18.2937,505,362.203,144.635,24.2058,0,6,364.776,142.845,2.85188,0.14889,5.65558,362.203,141.615,2.91695,1.17227,5.76514,359.742,143.181,3.35767,2.18546,5.81914,359.854,146.537,2.95319,3.19155,5.59999,362.539,147.767,3.42409,4.22549,5.37918,365.223,145.642,2.83207,5.38713,5.3719
1,212.633,23.7851,510,367.684,143.852,23.6114,0,6,370.592,142.398,3.15199,0.0949517,5.89923,367.796,140.944,3.2899,1.10715,5.62785,365.111,142.845,2.94258,2.2143,5.593,365.559,145.754,3.11606,3.29048,5.65558,368.467,146.872,3.02229,4.29416,5.50847,370.816,144.971,2.58249,5.35589,5.593
1,264.697,29.609,514,373.501,143.293,23.7178,0.0565736,6,376.409,141.95,3.16586,0.0475831,5.87931,373.725,140.273,3.3818,1.0839,5.37918,370.928,142.174,3.03881,2.2143,5.593,371.264,145.194,2.90836,3.23654,5.89923,373.948,146.313,3.19928,4.24874,5.62785,376.521,144.411,2.46346,5.31468,5.42982
1,35.9932,4.0262,532,347.885,141.056,19.0881,0.254223,6,350.346,139.713,2.65182,0.0499584,5.59999,347.997,138.483,2.70553,1.13095,5.25415,345.648,139.825,2.79874,2.10252,5.51556,345.759,142.622,3.15794,3.15394,4.53068,348.668,143.852,2.08072,4.27255,5.25415,350.346,142.622,2.90836,5.35589,5.593
1,-109.952,-12.2992,537,331.553,140.72,17.7117,0.449999,6,333.902,139.378,2.17193,-0,5.593,332.113,138.147,2.85188,1.03907,5.51556,329.54,139.378,2.90836,2.0577,5.37918,329.54,142.286,2.80544,3.14159,5.31335,332.113,143.405,2.17193,4.22549,5.37918,333.902,142.174,2.7965,5.28669,5.66248
1,-207.998,-23.2666,538,320.591,141.167,24.6125,0,6,323.611,139.49,3.01192,0.0499584,5.59999,321.038,137.923,3.26125,1.03907,5.51556,318.242,139.601,3.02022,2.1451,5.66248,318.242,142.622,3.25165,3.14159,5.593,321.15,144.076,3.13408,4.22549,5.37918,323.723,142.286,2.79874,5.27099,5.27643
1,-256.993,-28.7472,539,315.11,141.167,22.748,0,6,317.906,139.713,2.85846,-0,5.593,315.445,138.259,3.41494,1.0839,5.37918,312.537,140.049,2.58249,2.1451,5.66248,312.761,142.622,3.50177,3.19155,5.59999,315.893,144.188,2.32766,4.22549,5.37918,317.794,142.845,3.13408,5.28669,5.66248
1,85.0298,9.51144,542,353.366,140.72,23.8679,0,6,355.939,138.818,3.01192,0.14889,5.65558,353.142,137.7,3.11003,1.21781,5.66248,350.681,139.601,2.57521,2.2143,5.593,350.793,142.174,3.55497,3.19155,5.59999,354.037,143.628,3.02229,4.27255,5.25415,356.386,141.727,2.94258,5.38713,5.3719
1,-157.961,-17.6695,543,326.184,140.832,21.991,0.0466084,6,328.869,139.154,2.32766,-0,5.31335,326.967,137.812,3.45501,1.03907,5.51556,323.947,139.49,2.7965,2.1294,5.27643,323.947,142.286,3.4532,3.19155,5.59999,327.079,143.74,2.17193,4.18067,5.51556,328.869,142.51,3.3558,5.24411,5.51556
1,-59.9565,-6.70674,546,337.146,140.72,13.7952,0.7383,6,337.146,138.595,2.45583,1.05841,5.13369,335.021,139.825,2.12534,2.10252,5.51556,335.021,141.95,2.75139,3.14159,5.593,337.482,143.181,1.70747,4.22549,5.37918,338.936,142.286,2.47107,5.27099,5.27643,339.16,139.825,2.35969,6.2306,6.38485
1,134.121,15.0028,550,358.847,139.937,23.0609,0,6,361.532,138.371,3.10197,0.0996687,5.6209,358.735,137.029,3.11003,1.15257,5.50847,356.274,138.93,2.94258,2.25311,5.76514,356.722,141.839,3.01192,3.29048,5.65558,359.518,142.957,2.7965,4.29416,5.50847,361.755,141.279,2.91695,5.32705,5.81914
1,184.185,20.603,558,364.44,139.378,23.7741,0,6,367.125,137.588,2.65182,0.0949517,5.89923,364.776,136.357,3.53733,1.12842,5.87931,361.867,138.371,2.92766,2.2143,5.593,362.203,141.279,3.22072,3.24126,5.6209,365.223,142.398,2.70785,4.31387,5.76514,367.348,140.72,3.14006,5.35589,5.593
1,236.249,26.4268,561,370.257,138.818,25.676,0,6,373.165,137.476,3.41494,0.0475831,5.87931,370.257,135.686,3.44594,1.0637,5.75835,367.46,137.7,2.92766,2.18546,5.81914,367.796,140.608,3.35207,3.23654,5.89923,370.816,142.062,3.17966,4.24874,5.62785,373.277,140.049,2.57521,5.35589,5.593
1,11.5728,1.29453,580,345.088,136.357,18.0182,0.457748,6,347.102,134.456,2.26499,-0,5.0337,344.976,133.673,2.35969,1.2315,5.04147,342.963,134.903,3.02022,2.1588,6.04976,342.963,137.923,2.8672,3.14159,5.593,345.648,138.93,1.75089,4.36642,5.11294,347.214,138.147,3.69308,5.24411,5.51556
1,-37.4226,-4.18609,583,339.607,136.357,16.7607,0.892805,6,341.733,135.015,2.70322,-0,5.593,339.272,133.897,1.80369,1.15257,5.50847,337.706,134.791,3.24587,2.1294,5.27643,337.594,138.035,2.70322,3.08901,5.32071,340.055,139.154,1.99161,4.2,5.13369,341.621,137.923,2.91051,5.38855,6.16678
1,-131.372,-14.6953,584,329.092,136.022,15.0903,0.492464,6,330.994,134.791,2.50127,-0,5.31335,328.757,133.673,2.17193,1.10715,5.00253,326.967,134.903,2.46092,2.10252,5.51556,326.967,137.364,2.75139,3.19155,5.59999,329.428,138.595,1.45418,4.18067,5.51556,330.77,138.035,3.25165,5.19929,5.37918
1,56.5685,6.32776,588,350.122,136.357,21.4467,0.12421,6,352.359,134.568,2.90836,0.156602,5.37918,349.675,133.449,2.4199,1.19991,5.40094,347.661,134.791,3.02022,2.18546,5.81914,347.661,137.812,3.30508,3.14159,5.0337,350.681,139.154,2.77855,4.27255,5.25415,352.807,137.364,2.83207,5.35589,5.593
1,-85.3768,-9.55026,589,334.238,136.022,12.2624,1.12354,6,333.902,133.897,1.70747,1.03038,4.89188,332.448,134.791,2.34906,2.17308,5.42982,332.448,137.14,2.55325,3.14159,5.31335,334.685,138.371,1.4016,4.18067,5.51556,335.916,137.7,2.58249,5.24411,5.51556,336.14,135.127,2.55325,6.2306,5.32071
1,-181.409,-20.2924,590,323.499,136.357,24.0869,0.00898069,6,326.184,134.456,2.51374,0.0499584,5.59999,324.059,133.113,3.5107,1.0637,5.75835,321.038,134.903,2.57521,2.1451,5.66248,320.927,137.476,3.70492,3.14159,5.87265,324.171,139.266,2.88677,4.18067,5.51556,326.52,137.588,3.15001,5.27099,5.27643
1,-233.404,-26.1086,591,317.683,136.357,23.4738,0,6,320.591,135.127,3.13408,-0,5.87265,318.018,133.337,3.47487,1.03907,5.51556,315.11,135.239,2.57278,2.17308,5.42982,315.11,137.812,3.40209,3.14159,5.593,318.13,139.378,3.04292,4.22549,5.37918,320.591,137.588,2.46092,5.28669,5.66248
1,102.674,11.4851,598,355.268,135.463,22.529,0,6,358.064,134.344,3.55321,0.0949517,5.89923,354.932,132.666,2.86502,1.13095,5.25415,352.695,134.456,2.94258,2.24554,5.3719,353.142,137.364,3.32584,3.29819,5.37918,356.274,138.483,2.46346,4.3594,5.66248,358.176,136.917,2.57521,5.39471,5.76514
1,154.738,17.309,605,361.084,134.903,25.5133,0,6,363.769,133.002,2.95319,0.141897,5.93228,361.084,131.771,3.58127,1.12842,5.87931,358.288,134.008,2.70553,2.28489,5.5509,358.623,136.693,3.5107,3.23654,5.89923,361.867,138.035,2.93619,4.29416,5.50847,364.105,136.134,3.15001,5.35589,5.593
1,206.829,23.1359,608,366.901,134.12,24.8752,0,6,369.921,132.778,3.32019,0.0454233,6.15866,367.125,130.988,3.75856,1.0637,5.75835,364.105,133.225,2.6114,2.2143,5.593,364.552,135.798,3.25165,3.28349,5.93228,367.46,137.252,3.11003,4.27001,5.87931,369.921,135.351,2.57278,5.32705,5.81914
1,261.865,29.2923,612,373.053,133.785,26.2954,0.0889289,6,376.074,132.33,3.45501,0.0454233,6.15866,373.053,130.653,3.32019,1.12842,5.87931,370.257,132.442,3.02229,2.18546,5.81914,370.369,135.463,3.15199,3.18702,6.15866,373.165,136.917,3.84903,4.20529,5.75835,376.297,134.68,2.35969,5.28669,5.66248
1,-5.00296,-0.559632,-27,343.299,141.056,18.3811,0.773506,6,345.312,139.49,2.72397,0.0123451,4.53068,342.739,138.595,3.24394,1.22483,5.11294,340.39,140.832,0.67116,2.24695,6.16678,340.39,141.503,3.48027,3.08901,6.38485,342.851,143.964,2.65888,3.99933,5.472,345.312,142.957,3.46766,5.16647,5.22789
