WW,2773,1119,2769,1355, 3038.87,1123.51, 2507.13,1114.49, 3034.87,1359.51, 2503.13,1350.49, 8.86354,
imageIdx, offcentreP, offcentreMM, ID, centreX, centreY, areaMM2, wallWidthMM, qtyCorners, c0X, c0Y, c0lenMM, a0, sep0, c1X, c1Y, c1lenMM, a1, sep1, c2X, c2Y, c2lenMM, a2, sep2, c3X, c3Y, c3lenMM, a3, sep3, c4X, c4Y, c4lenMM, a4, sep4, c5X, c5Y, c5lenMM, a5, sep5, c6X, c6Y, c6lenMM, a6, sep6, c7X, c7Y, c7lenMM, a7, sep7
0,61.5759,6.9471,81,305.465,152.309,17.1189,0.499256,6,307.227,150.4,1.8251,0.244979,5.8147,305.517,149.76,2.68694,1.23412,5.97663,303.299,151.275,2.96492,2.2143,5.64109,303.831,154.192,2.80535,3.29819,5.42543,306.527,154.968,1.86673,4.3415,5.44738,307.911,153.715,3.38545,5.46332,5.78727
0,-260.708,-29.4136,83,341.85,151.181,12.9343,0.851749,6,343.286,149.456,0.92761,0.117109,4.82799,342.483,148.991,2.38095,1.0122,5.32179,340.252,149.823,2.88659,1.98902,5.55583,340.094,152.705,2.09536,3.03094,5.10822,341.889,153.786,1.81707,4.07964,5.24652,343.555,153.059,3.61317,5.14902,4.66883
0,11.7949,1.33072,87,311.106,150.899,19.3444,0.603632,6,313.124,148.938,2.32373,0.064844,4.35279,310.914,148.22,3.05378,1.29985,5.26921,308.577,150.185,3.1808,2.28489,5.59862,309.493,153.231,1.89978,3.38657,5.8147,311.319,153.756,2.1766,4.42093,5.88947,313.302,152.858,3.92333,5.11145,5.08137
0,239.305,26.9988,90,285.439,150.617,23.3599,0.074254,6,287.856,148.813,2.67346,0.156602,5.42543,285.397,147.765,3.74619,1.21781,5.71117,282.572,150.226,2.888,2.27942,5.20083,283.557,152.941,2.88163,3.46334,5.35161,286.322,153.754,2.51957,4.3594,5.71117,288.253,152.137,3.34715,5.42648,5.59862
0,-215.63,-24.3278,92,336.773,150.617,20.4513,0.358285,6,337.648,147.891,3.36571,1.0122,5.32179,334.56,149.23,3.02514,2.03444,5.67624,334.532,152.255,2.55746,3.08901,5.36645,336.707,153.6,2.31456,4.09773,5.86917,338.852,152.731,3.75465,5.103,5.18551,339.264,148.999,1.95916,6.17253,5.10822
0,-168.094,-18.9647,96,331.414,150.335,23.0512,0,6,332.249,147.554,3.66628,1.03907,5.56298,328.928,149.108,2.7155,2.03444,5.67624,328.91,151.823,2.76665,3.09163,5.64814,331.19,153.39,3.11576,4.06889,5.64109,334.055,152.165,3.20879,5.08328,5.44738,334.26,148.963,2.45474,6.2306,5.36645
0,-118.059,-13.3197,103,325.773,150.053,23.0035,0,6,326.091,147.185,3.0234,0.996491,5.71117,323.375,148.512,2.92454,2.03444,5.67624,323.254,151.434,3.23504,3.09401,5.92986,326.036,153.086,2.69372,4.13761,5.91454,328.424,151.841,2.84523,5.15223,5.29932,328.657,149.005,3.14537,6.23323,5.64814
0,-65.5245,-7.39259,104,319.85,149.771,22.1468,0.102567,6,320.728,147.089,3.88861,0.956133,5.86917,317.182,148.685,3.18981,1.98321,4.92587,317.796,151.815,2.15066,3.33158,4.48067,319.731,152.754,3.49854,4.22701,5.80375,322.777,151.032,2.10959,5.18886,5.90377,322.896,148.925,2.84065,6.2356,5.92986
0,191.939,21.6549,107,290.798,149.771,23.7086,0.106757,6,293.078,147.672,2.3163,0.197396,5.75281,290.951,146.754,3.50552,1.19029,6.07564,288.088,148.777,3.02096,2.2143,5.64109,288.611,151.752,3.53889,3.29819,5.42543,292.016,152.715,2.25206,4.39064,5.35161,293.694,151.213,3.59431,5.42648,5.59862
0,142.115,16.0337,110,296.439,148.643,22.8619,0.04794,6,298.847,146.855,2.79353,0.14889,5.7042,296.265,145.788,3.19901,1.21781,5.71117,293.714,147.718,2.95566,2.2143,5.64109,294.311,150.613,3.29034,3.33899,5.75281,297.45,151.6,2.30878,4.3594,5.71117,299.227,150.126,3.29297,5.39471,5.8147
0,92.2495,10.4078,112,302.08,147.797,23.4708,0.117523,6,304.332,145.687,2.5047,0.207496,5.47651,301.99,144.798,3.53724,1.23412,5.97663,299.227,147.007,2.62362,2.25311,5.8147,299.659,149.594,3.17019,3.29048,5.7042,302.623,150.72,3.02586,4.3594,5.71117,304.991,148.836,3.21656,5.35589,5.64109
0,44.9258,5.0686,119,307.439,146.668,21.3925,0.302799,6,309.465,144.479,1.68803,0.165149,5.14701,307.911,143.822,3.92332,1.21781,5.71117,304.726,146.114,2.87451,2.2143,5.64109,305.469,148.89,2.67037,3.34909,5.47651,308.015,149.696,2.64621,4.37571,5.97663,310.071,148.029,3.60108,5.42648,5.59862
0,-239.949,-27.0714,123,339.594,146.104,15.0304,0.602751,6,339.935,143.556,2.16823,1.03907,5.56298,337.905,144.318,2.84142,1.96932,5.8147,337.508,147.131,3.04627,3.03672,5.38864,340.176,148.602,1.09364,4.15379,5.32179,341.17,148.147,3.65758,5.13061,5.55583,341.59,144.514,1.91237,6.17253,5.10822
0,0.0593135,0.00669186,125,312.516,145.822,15.885,0.65907,6,314.594,144.024,1.92461,0.104877,5.38864,312.818,143.282,3.19292,1.24905,6.24354,310.157,145.048,2.01293,2.17308,5.47651,310.431,147.042,3.86723,3.30674,5.14701,314.196,147.925,0.886566,4.44144,5.26921,314.892,147.375,3.3647,5.26141,5.62103
0,-192.371,-21.7036,128,334.235,145.54,23.156,0.0998402,6,334.868,142.599,3.05374,0.996491,5.71117,332.062,143.804,3.36716,2.03444,5.67624,331.922,147.168,3.06377,3.08901,5.36645,334.647,148.569,2.48779,4.18067,5.56298,336.83,147.377,3.15646,5.17604,5.67624,337.151,144.237,2.80927,6.17831,5.38864
0,-47.3491,-5.34201,129,317.875,145.258,22.471,0.220389,6,320.222,143.043,1.97179,0.0525831,5.36645,318.484,142.111,3.64833,1.08632,6.05597,315.302,143.895,2.96514,2.13411,6.33839,315.543,146.85,2.56233,3.24647,5.38864,317.841,147.984,3.0658,4.28735,5.88244,320.562,146.57,3.54397,5.1248,4.92587
0,-144.835,-16.3406,135,328.876,145.258,26.6384,0,6,329.154,142.15,2.92829,1.03907,5.56298,326.485,143.355,3.72222,2.01317,5.92986,326.344,147.074,3.15516,3.09163,5.64814,329.092,148.625,2.74005,4.13808,5.71117,331.533,147.382,3.55225,5.17604,5.67624,331.815,143.841,3.15251,6.2306,5.36645
0,222.612,25.1155,136,287.414,145.258,21.8636,0.120695,6,289.762,143.462,2.59433,0.197396,5.75281,287.372,142.454,3.57343,1.21781,5.71117,284.656,144.776,2.8622,2.27942,5.20083,285.5,147.511,2.30133,3.39892,5.54149,287.675,148.263,3.25363,4.3594,5.71117,290.269,146.298,2.88131,5.35589,5.64109
0,-94.7999,-10.6955,142,323.234,144.976,25.1835,0,6,323.808,141.991,3.48645,1.02225,5.94995,320.664,143.499,3.47039,2.03444,5.67624,320.914,146.961,2.47276,3.19418,5.36645,323.028,148.244,3.25558,4.09773,5.86917,325.943,146.795,3.22508,5.17604,5.67624,326.134,143.576,2.81489,6.23323,5.64814
0,172.789,19.4943,146,293.055,144.13,24.1976,0.062247,6,295.387,142.038,2.32957,0.156602,5.42543,293.24,141.134,4.08389,1.21781,5.71117,290.13,143.78,2.54015,2.28489,5.59862,290.762,146.241,3.028,3.33899,5.75281,293.6,147.298,2.86953,4.33188,6.07564,295.902,145.586,3.58479,5.35589,5.64109
0,125.423,14.1504,149,298.414,143.284,26.2309,0,6,300.617,140.865,2.38273,0.197396,5.75281,298.378,140.05,3.2876,1.23412,5.97663,295.672,141.917,3.69607,2.2143,5.64109,296.287,145.561,3.0497,3.29819,5.42543,299.193,146.487,2.80804,4.3594,5.71117,301.375,144.719,3.92868,5.39471,5.8147
0,75.5993,8.52925,154,304.055,142.155,22.5724,0.274764,6,306.201,140.186,2.72186,0.156602,5.42543,303.611,139.349,3.20517,1.27934,5.88947,301.181,141.439,2.87078,2.25311,5.8147,301.814,144.239,2.70148,3.33899,5.75281,304.354,145.16,2.88533,4.37571,5.97663,306.694,143.471,3.32145,5.35589,5.64109
0,-264.225,-29.8103,160,342.414,141.309,20.7412,0.321439,6,342.667,138.322,2.07857,1.13095,5.29932,340.737,139.094,3.67216,2.03444,6.30693,340.216,142.729,3.14151,3.03094,5.10822,343.025,144.136,1.91107,4.18067,5.56298,344.736,143.286,3.82487,5.11091,5.8147,344.914,139.465,2.52086,6.22769,5.08481
0,28.2332,3.18532,161,309.414,141.309,21.7823,0.379769,6,311.709,139.484,2.71797,0.270947,5.26921,309.175,138.503,3.02274,1.23412,5.97663,306.772,140.337,2.93355,2.22364,6.03623,307.274,143.228,2.69593,3.29819,5.42543,309.805,144.158,3.2021,4.3594,5.71117,312.359,142.227,2.81886,5.31468,5.47651
0,253.201,28.5666,162,284.029,141.309,20.8561,0.236343,6,285.922,139.063,1.90403,0.257324,5.54149,284.118,138.454,3.85146,1.27934,5.88947,281.203,140.972,2.17699,2.28489,5.59862,281.698,143.092,2.94059,3.33899,5.75281,284.441,144.151,3.0805,4.3594,5.71117,286.779,142.145,3.19829,5.42102,5.20083
0,-219.146,-24.7245,167,337.337,140.745,24.6382,0.0473031,6,338.128,137.676,3.56978,1.15257,5.55583,334.886,139.17,3.05148,2.05527,6.05597,334.771,142.22,3.40678,3.09163,5.64814,337.724,143.92,2.10817,4.13808,5.71117,339.646,143.055,4.3622,5.11091,5.8147,340.054,138.712,2.18682,6.17253,5.10822
0,-169.111,-19.0794,172,331.696,140.463,26.2624,0,6,331.839,137.178,2.561,1.0637,5.80786,329.499,138.219,3.68763,2.03444,6.30693,329.025,141.876,3.53554,3.03672,5.38864,332.121,143.584,2.64432,4.18067,5.56298,334.433,142.301,3.55564,5.17604,5.67624,334.574,138.748,3.15363,6.23323,5.64814
0,-16.5485,-1.86703,173,314.491,139.899,18.1922,0.745022,6,316.896,138.801,2.73701,-0,6.2052,314.603,137.307,3.26765,1.00748,6.33839,311.972,139.244,2.65642,2.20355,5.24652,312.693,141.801,2.93564,3.41254,5.26921,315.528,142.565,1.42781,4.39064,6.24354,316.716,141.773,2.97695,5.27571,6.33839
0,-121.533,-13.7116,178,326.337,139.899,25.7215,0,6,326.072,136.783,2.79678,1.10715,5.67624,323.685,138.242,3.31446,2.11935,5.94995,323.685,141.556,3.04221,3.14159,5.64109,326.309,143.097,2.7102,4.16384,5.94995,328.765,141.95,3.60399,5.15476,5.92986,329.134,138.365,3.44624,6.17831,5.38864
0,-71.5406,-8.07134,179,320.696,139.899,24.0864,0.294267,6,323.245,137.987,2.58996,-0,5.64109,320.95,136.786,2.96499,1.10715,5.67624,318.288,138.092,3.32161,2.05527,6.05597,318.211,141.412,3.41426,3.14159,6.2052,321.283,142.902,2.24557,4.22791,6.05597,323.245,141.811,3.82388,5.17604,5.67624
0,205.92,23.2322,180,289.388,139.899,24.4947,0.124494,6,291.897,137.876,2.59158,0.197396,5.75281,289.48,136.939,4.07899,1.27934,5.88947,286.411,139.625,2.53987,2.28489,5.59862,287.149,142.055,2.95662,3.39892,5.54149,289.941,143.028,3.38746,4.3594,5.71117,292.482,140.788,2.97055,5.42648,5.59862
0,156.096,17.6111,187,295.029,138.771,23.6403,0,6,297.157,136.39,2.32596,0.207496,5.47651,294.948,135.662,3.41844,1.27934,5.88947,292.284,137.804,3.01333,2.28963,5.99656,292.884,140.757,2.84903,3.33899,5.75281,295.573,141.7,3.0314,4.3594,5.71117,297.945,139.812,3.511,5.35589,5.64109
0,108.773,12.2719,190,300.388,137.643,23.4549,0.0605553,6,302.502,135.239,2.19389,0.207496,5.47651,300.404,134.595,3.48949,1.32582,5.8147,297.633,136.716,2.98775,2.25311,5.8147,298.258,139.638,2.99821,3.34909,5.47651,301.11,140.563,2.8763,4.37571,5.97663,303.3,138.698,3.54936,5.39471,5.8147
0,61.4488,6.93276,196,305.747,136.514,21.4254,0.431699,6,308.522,135.495,4.03786,0.14889,5.7042,304.806,133.917,2.42789,1.19991,5.44738,303.037,135.581,3.25417,2.28963,5.99656,303.783,138.748,2.49999,3.34909,5.47651,306.179,139.463,3.24154,4.42093,5.88947,308.705,137.431,1.94435,5.36524,6.03623
0,-238.381,-26.8946,205,339.594,135.668,16.7417,0.354335,6,339.113,132.95,1.38534,1.03907,5.56298,337.872,133.565,3.56473,2.05527,6.05597,337.537,137.114,3.64294,3.08609,5.08481,340.975,138.319,0.213409,4.29416,5.55583,341.163,138.22,3.76342,5.17604,6.30693,341.987,134.547,3.28826,6.11804,5.14701
0,11.5831,1.30682,206,311.388,135.668,19.491,0.55172,6,313.691,134.365,3.09132,0.172191,6.58463,310.837,133.177,2.77569,1.19991,5.44738,308.799,135.06,2.53311,2.28489,5.59862,309.291,137.545,3.10246,3.29048,5.7042,312.248,138.486,2.12285,4.37571,5.97663,313.944,137.209,2.85485,5.34514,5.24652
0,239.05,26.9701,209,285.721,135.668,23.7377,0.12638,6,287.799,133.247,2.01493,0.257324,5.54149,285.895,132.589,3.94977,1.27934,5.88947,282.901,135.166,2.94582,2.31917,5.38864,283.773,137.98,2.73582,3.39892,5.54149,286.412,138.701,3.08299,4.42093,5.88947,288.719,136.657,3.53159,5.42648,5.59862
0,-193.345,-21.8135,211,334.517,135.386,26.7891,0,6,334.809,132.099,2.92105,1.15257,5.55583,332.192,133.395,3.44364,2.09559,6.19236,331.834,136.82,3.95135,3.04192,5.66922,335.374,138.576,2.08938,4.20529,5.80786,337.18,137.526,4.1486,5.19687,6.05597,337.368,133.382,2.86255,6.22769,5.08481
0,-143.268,-16.1637,215,328.876,134.822,24.6151,0,6,329.001,131.803,3.01602,1.0839,5.42543,326.385,133.304,3.32946,2.11935,5.94995,326.462,136.632,3.02684,3.14159,5.64109,329.202,137.919,2.62045,4.24874,5.67624,331.509,136.677,3.22275,5.17604,6.30693,331.817,133.469,3.272,6.18352,5.66922
0,-45.7392,-5.16038,216,317.875,134.54,19.7474,0.747865,6,317.788,131.606,3.61491,1.0839,5.42543,315.264,134.194,1.58568,2.42276,5.99656,315.537,135.756,2.85176,3.31378,6.58463,317.974,137.237,2.78653,4.14907,6.33839,320.391,135.849,2.8096,5.19687,6.05597,320.443,133.04,3.01765,6.2306,5.36645
0,-93.2747,-10.5234,222,323.234,134.822,24.6235,0,6,325.995,133.065,2.93322,-0,5.64109,323.411,131.676,2.81462,1.10715,5.67624,320.897,132.941,3.3564,2.07789,5.80786,320.679,136.29,3.46645,3.08901,5.36645,323.805,137.79,2.72009,4.24874,5.67624,326.061,136.271,3.20646,5.26094,5.94995
0,191.769,21.6357,225,291.08,134.258,23.7257,0.172314,6,293.343,132.117,2.31265,0.197396,5.75281,291.172,131.319,3.80173,1.27934,5.88947,288.262,133.765,2.93538,2.28489,5.59862,289.133,136.568,3.10401,3.39892,5.54149,292.146,137.313,2.43544,4.42093,5.88947,293.977,135.707,3.64585,5.43122,5.99656
0,141.946,16.0146,230,296.721,133.13,24.447,0.04794,6,298.843,130.694,2.37372,0.218669,5.20083,296.565,130.027,3.37165,1.32582,5.8147,293.948,132.153,3.07754,2.28963,5.99656,294.569,135.167,3.46006,3.33899,5.75281,297.918,136.035,2.33125,4.42093,5.88947,299.673,134.5,3.89565,5.39471,5.8147
0,97.1216,10.9574,232,301.798,132.001,23.7925,0.122841,6,304.625,130.303,3.08178,0.0949517,5.94995,301.872,128.918,3.31024,1.15257,5.55583,299.192,130.862,3.42174,2.25311,5.8147,299.953,134.198,2.98701,3.36026,5.20083,302.876,134.812,2.852,4.46741,5.8147,304.917,132.82,2.53392,5.43122,5.99656
0,44.7139,5.0447,235,307.721,131.437,19.0333,0.592779,6,310.148,129.988,3.64829,0.14889,5.7042,306.69,128.824,1.50582,1.24905,5.35161,305.507,129.756,3.16119,2.25311,5.8147,305.638,132.914,3.47758,3.23654,5.94995,308.944,133.993,2.06501,4.3415,5.44738,310.445,132.575,2.60341,5.42648,5.59862
0,-262.657,-29.6335,244,342.414,130.873,17.9277,0.461028,6,341.726,128.192,1.37012,1.18019,5.18551,340.533,128.866,3.22913,2.09559,6.19236,340.107,132.067,2.96375,3.04192,5.66922,342.687,133.526,1.74737,4.18067,5.56298,344.293,132.838,3.47816,5.0929,6.07564,344.695,129.383,3.19927,6.16608,4.82799
0,-5.1518,-0.581236,246,313.363,130.591,20.4137,0.577631,6,315.408,128.422,1.95159,0.119429,7.10195,313.671,127.534,3.5109,1.0637,5.80786,310.905,129.696,2.70971,2.32173,5.78727,311.359,132.368,3.29515,3.29048,5.7042,314.503,133.355,2.01893,4.3415,5.44738,315.905,131.903,3.5157,5.56436,5.99656
0,-212.58,-23.9836,248,336.773,130.309,24.2614,0,6,336.732,127.054,2.3052,1.0839,5.42543,334.706,128.153,3.54839,2.1588,6.10177,334.357,131.684,3.89036,3.08901,5.36645,337.984,133.093,1.9776,4.29416,5.55583,339.626,131.991,3.16482,5.19687,6.05597,339.866,128.835,3.60485,6.18352,5.66922
0,-165.044,-18.6206,249,331.414,130.027,25.7112,0.0508427,6,330.922,126.812,2.19008,1.18019,5.18551,329.084,128.002,3.518,2.20582,6.65672,328.827,131.51,3.69086,3.09163,5.64814,332.152,133.113,2.34534,4.22549,5.42543,334.137,131.863,3.59668,5.23718,6.19236,334.276,128.269,3.65644,6.2306,5.36645
0,-115.009,-12.9755,252,325.773,129.745,23.3523,0.059502,6,324.735,126.804,1.32359,1.24905,5.35161,323.652,127.565,3.88296,2.23184,6.43183,323.506,131.445,3.39956,3.14159,5.35904,326.641,132.76,2.17627,4.24874,5.67624,328.456,131.561,3.38127,5.26094,5.94995,328.62,128.183,4.12255,6.23323,5.64814
0,-67.5157,-7.61725,253,320.414,129.745,23.4126,0.275001,6,323.198,128.065,3.49337,-0,5.35904,319.908,126.889,4.17476,1.29985,5.26921,317.137,130.011,0.610273,2.35619,5.98328,317.224,130.615,4.14916,3.26102,7.10195,320.797,132.723,2.88144,4.22549,5.42543,323.245,131.204,3.13937,5.21949,5.80786
0,224.9,25.3736,254,287.414,130.027,22.7605,0.124374,6,289.453,127.614,2.59346,0.257324,5.54149,286.945,126.951,3.0054,1.32582,5.8147,284.714,128.965,3.3946,2.35619,5.58439,285.668,132.223,2.39689,3.44747,5.6199,287.981,132.85,3.23283,4.42093,5.88947,290.359,130.66,3.1787,5.42648,5.59862
0,177.619,20.0392,264,292.773,128.617,25.3805,0,6,295.058,126.452,2.87806,0.207496,5.47651,292.325,125.549,3.24793,1.26492,5.6199,289.903,127.713,3.3658,2.32173,5.78727,290.799,130.958,3.14354,3.39892,5.54149,293.852,131.709,2.49317,4.42093,5.88947,295.723,130.062,3.67097,5.43122,5.99656
0,130.295,14.7001,269,298.132,127.489,23.916,0,6,300.846,125.931,3.30836,0.0949517,5.94995,297.881,124.462,3.26434,1.13095,5.29932,295.362,126.538,3.0858,2.28489,5.59862,296.017,129.553,3.50918,3.34909,5.47651,299.446,130.3,2.15085,4.46741,5.8147,301.053,128.87,2.94647,5.39471,5.8147
0,77.8871,8.78736,274,304.055,126.925,23.2788,0.217347,6,306.422,124.908,3.0699,0.104877,5.38864,303.552,123.819,2.90501,1.19991,5.44738,301.303,125.657,2.69947,2.28489,5.59862,301.487,128.35,3.32355,3.23654,5.94995,304.5,129.752,3.08266,4.29416,5.55583,306.86,127.767,2.89296,5.39471,5.8147
0,30.4787,3.43866,280,309.414,126.36,16.1062,0.919652,6,311.541,125.325,3.42214,0.124355,6.82199,308.436,123.886,1.27614,1.07994,3.70985,307.407,124.641,3.55829,2.2143,5.64109,307.695,128.188,2.98732,3.24647,5.38864,310.589,128.929,1.33183,4.39064,5.35161,311.594,128.055,2.73015,5.46332,5.78727
0,260.488,29.3887,281,283.465,126.078,23.0866,0,6,285.436,123.587,2.32766,0.305879,5.6199,283.168,123.063,3.71367,1.39094,6.30693,280.574,125.72,2.60781,2.39008,4.70955,281.463,128.172,3.03087,3.49458,5.71117,284.413,128.869,3.02222,4.46741,5.8147,286.482,126.666,3.2524,5.49779,5.58439
0,-26.6572,-3.00751,-6,315.45,150.617,12.6243,0.263652,6,316.589,148.149,0.222842,0.189988,4.48067,316.385,148.06,2.75357,1.14576,5.88244,313.859,149.157,3.70427,2.11982,5.62103,314.293,152.836,0.619041,3.20644,4.35279,314.861,153.08,2.78151,4.26709,5.50057,317.459,152.086,4.03223,5.08835,4.60915
1,27.6232,3.11649,262,309.245,155.356,27.7169,0.0762625,6,311.839,153.212,2.93337,0.255182,6.70436,309.132,152.084,3.52467,1.24905,5.35161,306.424,154.34,3.67321,2.32173,5.78727,307.101,157.951,2.74739,3.32981,6.02964,309.696,158.853,4.15147,4.33188,6.07564,312.516,155.807,2.68174,5.53481,5.38864
1,-278.333,-31.402,266,343.768,155.356,23.9237,0.0520625,6,346.589,153.325,1.69233,-0,5.64109,345.235,152.309,3.25623,0.945311,6.26263,342.076,153.099,3.78416,1.92379,5.71117,341.399,156.822,3.23269,3.03094,5.10822,344.219,158.402,2.78649,4.13808,5.71117,346.589,156.935,3.6103,5.15476,5.92986
1,-234.254,-26.429,271,338.804,154.792,24.331,0,6,339.594,151.632,3.03782,0.996491,5.71117,336.773,152.761,3.73847,2.01317,5.92986,336.435,156.484,2.53535,3.09163,5.64814,338.578,157.838,2.93337,4.12439,6.10177,341.286,156.709,3.52647,5.06538,5.71117,341.737,153.212,2.66269,6.17253,5.10822
1,-185.228,-20.8977,277,333.276,154.566,24.121,0,6,333.953,151.407,3.18509,1.02225,5.94995,331.019,152.648,2.95283,2.01317,5.92986,330.681,155.581,3.13677,3.09401,5.92986,333.163,157.499,3.33159,4.09773,5.86917,336.096,155.92,2.93554,5.11091,5.8147,336.209,152.986,2.75433,6.23323,5.64814
1,-133.184,-15.0261,285,327.409,154.227,23.5355,0.0514352,6,328.65,151.294,3.75037,0.982794,6.10177,325.152,152.648,2.7288,1.98902,5.55583,324.814,155.356,3.31819,3.09163,5.64814,327.522,157.274,3.19308,4.09773,5.86917,330.229,155.581,2.82956,5.17604,5.67624,330.455,152.761,2.32588,6.2356,5.92986
1,-84.1405,-9.49288,288,321.881,153.889,24.942,0.0779569,6,322.783,150.956,3.8376,0.956133,5.86917,319.286,152.535,2.71007,2.01064,5.29932,319.173,155.243,3.31819,3.09814,6.49338,321.881,157.161,2.92685,4.09773,5.86917,324.475,155.807,3.28929,5.13061,5.55583,324.814,152.535,2.57273,6.23323,5.64814
1,-28.1146,-3.17194,292,315.563,153.663,23.9555,0.543359,7,317.029,150.956,2.7288,0.817645,6.18594,314.322,151.294,2.75433,1.74547,4.86902,312.742,153.55,2.10769,2.52693,5.86917,313.306,155.581,2.72646,3.39678,6.70436,315.788,156.709,2.94203,4.27001,5.92986,318.27,155.13,2.60469,5.26094,5.94995,318.496,152.535,2.15546,6.23973,6.49338
1,206.852,23.3374,293,289.049,153.663,23.09,0.237754,6,291.419,151.858,2.99775,0.14889,5.7042,288.598,150.843,3.19507,1.21781,5.71117,286.229,152.986,2.61688,2.28489,5.59862,286.567,155.581,3.14285,3.33899,5.75281,289.501,156.709,2.88965,4.37571,5.97663,291.757,154.904,3.06493,5.35589,5.64109
1,157.977,17.8233,296,294.578,152.874,24.9866,0,6,296.721,150.504,2.53535,0.156602,5.42543,294.352,149.602,3.3658,1.27934,5.88947,291.757,151.745,2.95283,2.25311,5.8147,292.096,154.679,3.28929,3.29048,5.7042,295.142,155.92,2.66269,4.31387,5.8147,297.285,154.34,3.8772,5.32705,5.86917
1,112.119,12.6495,301,299.767,151.971,25.3939,0,6,302.25,149.602,2.43026,0.14889,5.7042,299.993,148.699,3.41088,1.23412,5.97663,297.173,150.617,3.41461,2.22364,6.03623,297.624,154.002,2.99775,3.29819,5.42543,300.444,155.017,3.1205,4.37571,5.97663,302.814,152.986,3.43134,5.39471,5.8147
1,63.2452,7.13543,304,305.296,151.181,24.2674,0.218133,6,307.891,149.15,2.93337,0.14889,5.7042,305.183,148.022,3.06908,1.21781,5.71117,302.701,149.827,3.06493,2.22364,6.03623,303.039,152.874,3.67494,3.29048,5.7042,306.537,154.002,2.55287,4.3594,5.71117,308.342,152.197,3.07944,5.46332,5.78727
1,-261.522,-29.5054,312,341.963,149.94,24.9547,0,6,342.414,146.668,2.43026,1.03907,5.56298,340.158,147.571,3.78416,2.01317,5.92986,339.481,151.294,3.23269,3.04192,5.66922,342.301,152.874,2.72646,4.13808,5.71117,344.783,151.745,3.39217,5.06538,5.71117,345.009,148.361,3.09798,6.23323,5.64814
1,13.3879,1.51045,313,310.937,150.279,19.0613,0.276236,6,312.516,147.684,1.50523,0.343024,4.19304,311.05,147.345,2.91159,1.33705,6.08872,308.68,149.038,2.82956,2.25311,5.8147,308.906,151.858,3.39404,3.29048,5.7042,312.178,152.761,2.41449,4.39064,5.35161,313.645,150.843,3.35443,5.66852,5.86917
1,-21.4037,-2.4148,320,314.886,148.925,11.2268,0.52478,5,315.224,146.781,2.53535,1.0637,5.80786,313.08,148.135,3.14285,2.08319,5.17783,314.209,151.068,2.68174,3.48462,4.19304,316.804,150.391,2.15546,4.88706,4.86902,317.029,148.248,2.32588,6.22769,5.08481
1,-212.444,-23.9683,327,336.435,149.376,24.8402,0.091334,6,337.224,146.217,3.03782,0.996491,5.71117,334.404,147.345,3.73847,2.01317,5.92986,334.065,151.068,2.98072,3.09163,5.64814,336.66,152.535,2.88303,4.16384,5.94995,339.142,151.068,3.06493,5.15476,5.92986,339.481,148.022,2.88965,6.18352,5.66922
1,-163.417,-18.437,328,330.906,149.15,26.3994,0,6,331.583,145.879,3.3335,1.02225,5.94995,328.537,147.232,3.49929,2.01317,5.92986,328.424,150.73,3.03782,3.14159,5.64109,331.019,152.309,3.07944,4.12439,6.10177,333.727,150.843,3.2796,5.15476,5.92986,333.953,147.571,2.91159,6.23323,5.64814
1,-114.424,-12.9095,334,325.378,149.15,24.7893,0.0514352,6,328.199,147.345,2.63143,-0,5.64109,325.942,145.991,3.0815,1.046,6.19236,323.122,147.232,3.50475,2.01317,5.92986,322.896,150.73,2.59735,3.14159,5.64109,325.04,152.197,3.38089,4.09773,5.86917,328.086,150.73,3.38653,5.13061,5.55583
1,-65.4313,-7.38207,335,319.85,149.15,21.448,0.300673,6,322.557,147.458,2.1906,-0,5.64109,320.752,146.217,2.99775,1.046,6.19236,317.932,147.232,3.06493,1.96932,5.8147,317.593,150.279,2.80244,3.08609,5.08481,319.737,152.084,3.07944,3.95924,6.18594,322.445,150.617,3.16102,5.15223,5.29932
1,190.651,21.5095,341,290.967,148.361,20.8561,0.423739,6,293.449,146.33,2.85419,0.207496,5.47651,290.742,145.427,2.48464,1.2925,6.16016,288.824,147.007,3.30281,2.28963,5.99656,289.275,150.279,2.79106,3.33899,5.75281,291.983,150.956,2.71711,4.3594,5.71117,294.014,149.15,2.8764,5.39471,5.8147
1,143.827,16.2268,347,296.27,147.232,24.1974,0,6,298.752,144.976,2.68174,0.14889,5.7042,296.27,143.961,3.00411,1.23412,5.97663,293.788,145.653,3.78416,2.22364,6.03623,294.465,149.376,2.90064,3.34909,5.47651,297.285,150.053,2.48464,4.42093,5.88947,299.203,148.473,3.52647,5.36524,6.03623
1,94.9694,10.7146,349,301.798,146.33,24.0064,0,6,304.506,144.412,3.03782,0.0996687,5.66922,301.685,143.284,3.00411,1.21781,5.71117,299.203,144.976,3.06493,2.22364,6.03623,299.542,148.022,3.67494,3.29048,5.7042,303.039,149.15,2.23945,4.37571,5.97663,304.732,147.684,3.2796,5.36524,6.03623
1,45.0613,5.0839,355,307.439,145.766,24.191,0.124844,6,309.583,143.284,2.35579,0.270947,5.26921,307.327,142.607,3.00411,1.2925,6.16016,304.844,144.299,3.40154,2.22364,6.03623,305.183,147.684,2.99775,3.24126,5.66922,308.003,148.699,3.1205,4.3594,5.71117,310.373,146.668,3.47557,5.39471,5.8147
1,-286.806,-32.358,361,344.896,145.202,18.0684,0.473629,6,347.153,143.848,3.73507,-0,5.64109,343.768,142.268,0.564109,1.10715,5.67624,343.317,142.607,3.80596,2.03444,6.30693,342.527,146.33,3.43134,3.03672,5.38864,345.573,147.909,1.36323,4.18067,5.56298,346.814,147.345,3.51381,5.21949,5.80786
1,-239.711,-27.0447,363,339.594,144.525,17.922,0.568716,6,339.819,141.817,1.86753,1.10715,5.67624,338.127,142.607,2.98712,2.03444,6.30693,337.563,145.54,3.23269,3.04192,5.66922,340.383,147.12,2.07113,4.13808,5.71117,342.189,146.104,2.60469,5.15476,5.92986,342.414,143.509,3.09798,6.17831,5.38864
1,1.28795,0.145309,368,312.404,144.299,18.8895,0.491443,6,314.773,142.72,2.47438,0.104877,5.38864,312.516,141.704,3.207,1.17227,5.8147,310.034,143.735,3.06908,2.2143,5.64109,310.937,146.668,1.97035,3.41254,5.26921,312.855,147.12,2.37998,4.47865,6.08872,314.886,145.879,3.16102,5.22478,5.17783
1,-191.633,-21.6204,373,334.178,143.961,27.0677,0.117523,6,334.629,140.576,2.93337,1.0637,5.80786,331.922,141.704,3.8624,2.05527,6.05597,331.47,145.54,3.23269,3.09163,5.64814,334.291,147.12,2.67461,4.16384,5.94995,336.66,145.879,3.8624,5.15476,5.92986,337.112,142.043,2.88303,6.18352,5.66922
1,-142.607,-16.0891,381,328.65,143.735,26.9468,0,6,328.988,140.35,3.17909,1.0637,5.80786,326.168,141.817,3.8376,2.07789,5.80786,326.055,145.653,2.82731,3.14159,5.64109,328.537,147.007,2.98072,4.18759,6.19236,331.132,145.54,3.62613,5.15476,5.92986,331.47,141.93,2.94203,6.23323,5.64814
1,-92.6138,-10.4489,382,323.009,143.735,25.623,0.0669739,6,325.829,141.93,2.78649,-0,5.64109,323.46,140.463,3.12864,1.0637,5.80786,320.64,141.817,3.49929,2.05527,6.05597,320.527,145.314,3.17909,3.14159,5.35904,323.347,146.781,2.67461,4.18759,6.19236,325.717,145.54,3.61206,5.15476,5.92986
1,-45.6206,-5.14699,383,317.706,143.735,22.3199,0.474214,6,320.188,141.591,2.17017,-0,5.35904,318.27,140.576,3.07944,1.12842,5.92986,315.563,142.043,3.38653,2.1451,5.71117,315.675,145.427,2.77505,3.24647,5.38864,318.157,146.668,2.27049,4.20529,5.80786,320.188,145.653,4.06158,5.11091,5.8147
1,224.324,25.3086,384,287.244,143.848,24.6365,0.0803291,6,289.501,141.479,2.43026,0.244979,5.8147,287.244,140.576,3.61206,1.23412,5.97663,284.424,142.832,3.1205,2.28489,5.59862,285.101,145.879,3.1469,3.34909,5.47651,288.147,146.668,2.95283,4.42093,5.88947,290.29,144.638,3.25623,5.43122,5.99656
1,175.551,19.806,389,292.773,142.381,22.9563,0.185616,6,295.48,140.802,3.4369,0.14889,5.7042,292.321,139.448,3.03572,1.21781,5.71117,290.065,141.479,3.01046,2.28489,5.59862,290.742,144.412,3.25623,3.38657,5.8147,293.901,145.202,2.31491,4.43409,6.16016,295.593,143.622,2.8228,5.36524,6.03623
1,126.694,14.2938,394,298.301,141.479,25.4893,0.07859,6,301.009,139.561,3.28929,0.0996687,5.66922,297.962,138.32,2.88965,1.24905,5.35161,295.706,140.125,3.40154,2.25311,5.8147,296.044,143.509,3.31819,3.29048,5.7042,299.203,144.525,2.6435,4.37571,5.97663,301.234,142.832,3.2796,5.36524,6.03623
1,77.7854,8.77589,396,303.829,140.914,22.7208,0.195576,6,306.424,139.222,3.8591,0.207496,5.47651,302.701,138.207,1.67722,1.2925,6.16016,301.46,139.335,3.50475,2.28963,5.99656,301.685,142.832,3.31819,3.24126,5.66922,304.844,143.848,2.48464,4.3594,5.71117,306.762,142.268,3.06493,5.36524,6.03623
1,30.9786,3.49506,408,309.132,139.673,19.9205,0.633478,6,311.614,138.207,2.82956,0.14889,5.7042,309.019,137.078,3.1205,1.21781,5.71117,306.65,139.109,2.52277,2.22364,6.03623,307.101,141.591,2.96144,3.34909,5.47651,309.921,142.494,2.48464,4.43409,6.16016,311.839,140.914,2.71711,5.35589,5.64109
1,-262.945,-29.666,411,342.301,139.448,14.7908,0.798728,6,342.076,136.853,1.11117,1.13095,5.29932,341.06,137.304,3.34113,2.07364,6.43801,340.383,140.576,2.72646,3.03672,5.38864,342.865,141.704,1.8192,4.24874,5.67624,344.445,140.802,2.60469,5.17604,6.30693,344.671,138.207,2.92685,6.17831,5.38864
1,-19.8954,-2.24464,420,314.886,138.884,17.7566,0.679179,6,317.255,137.53,2.8764,0.0996687,5.66922,314.66,136.289,2.50505,1.17227,5.8147,312.629,137.755,3.07944,2.25311,5.8147,313.08,140.802,2.14064,3.29048,5.7042,315.111,141.479,2.75433,4.31387,5.8147,317.368,139.899,2.37194,5.28669,5.71117
1,-215.867,-24.3545,426,336.999,138.884,22.4981,0.445051,6,336.773,135.725,2.28447,1.15257,5.55583,334.855,136.966,3.06493,2.13411,6.33839,334.517,140.012,3.68359,3.09163,5.64814,337.788,141.704,1.8192,4.20529,5.80786,339.368,140.802,3.52647,5.17604,6.30693,339.819,137.304,3.43134,6.17831,5.38864
1,-166.824,-18.8213,427,331.47,138.545,26.9213,0,6,331.809,135.273,3.33159,1.15257,5.55583,328.876,136.853,3.04828,2.11935,5.94995,328.763,139.899,3.4443,3.14159,5.64109,331.696,141.704,3.03782,4.20529,5.80786,334.291,140.125,3.61206,5.19687,6.05597,334.404,136.514,2.8764,6.23323,5.64814
1,-117.831,-13.2939,428,325.942,138.545,23.9364,0,6,328.537,136.627,2.82731,-0,5.64109,326.055,135.273,2.78649,1.10715,5.67624,323.686,136.74,3.2796,2.13411,6.33839,323.46,140.012,3.13474,3.09163,5.64814,326.168,141.591,2.63143,4.20529,5.80786,328.424,140.237,3.61206,5.21949,5.80786
1,-68.8037,-7.76255,431,320.414,138.32,25.5975,0.0472435,6,320.075,135.048,2.59735,1.15257,5.55583,317.932,136.514,3.49748,2.18546,5.86917,317.932,140.012,3.4369,3.24126,5.66922,321.091,141.366,2.28447,4.27001,5.92986,323.009,140.125,3.61734,5.19687,6.05597,323.234,136.514,3.48289,6.23323,5.64814
1,208.19,23.4884,433,289.162,138.094,26.6158,0,6,291.644,135.725,2.78649,0.197396,5.75281,289.049,134.709,3.90989,1.23412,5.97663,286.229,137.417,2.65551,2.31917,5.38864,286.793,140.012,3.46089,3.38657,5.8147,290.065,141.14,3.11233,4.37571,5.97663,292.321,138.996,3.34113,5.42648,5.59862
1,158.367,17.8673,437,294.803,136.966,20.3024,0.496696,6,297.285,135.386,2.82956,0.104877,5.38864,294.691,134.258,3.3658,1.26492,5.6199,292.096,136.402,2.46407,2.25311,5.8147,292.773,138.771,2.89185,3.33899,5.75281,295.48,139.786,2.55785,4.3594,5.71117,297.398,138.094,2.71007,5.39471,5.8147
1,111.459,12.575,440,300.106,136.402,21.5498,0.461491,6,302.588,134.145,2.22233,0.244979,5.8147,300.557,133.243,3.03782,1.24905,6.24354,297.962,134.822,3.16706,2.22364,6.03623,298.188,137.981,3.39404,3.24647,5.38864,301.46,138.884,2.71711,4.39064,5.35161,303.265,136.853,2.79106,5.43122,5.99656
1,62.6859,7.07234,454,305.634,134.935,19.6277,0.787144,6,308.003,133.243,2.93337,0.0996687,5.66922,305.296,132.114,2.6435,1.19991,5.44738,303.265,133.807,3.23072,2.25311,5.8147,303.942,136.966,2.35579,3.38657,5.8147,306.198,137.643,2.6435,4.43409,6.16016,308.229,135.95,2.71711,5.36524,6.03623
1,-284.213,-32.0655,457,344.783,134.596,14.5553,0.782129,6,344.783,132.114,1.76594,0.950547,4.85265,343.204,132.904,2.98712,2.01317,5.92986,342.64,135.837,2.8764,2.98499,5.42543,345.235,137.078,1.47102,4.27255,5.29932,346.476,136.289,2.52277,5.23718,6.19236,346.927,133.807,2.73113,6.18823,5.94995
1,12.7948,1.44353,458,311.275,134.258,21.0597,0.723521,6,313.532,132.566,2.89185,0.141897,5.98328,310.824,131.55,2.57273,1.19991,5.44738,308.793,133.13,3.06493,2.25311,5.8147,309.132,136.176,2.93337,3.24126,5.66922,311.839,137.304,2.48464,4.3594,5.71117,313.757,135.725,3.16706,5.39471,5.8147
1,-237.085,-26.7483,464,339.481,133.694,18.323,0.549019,6,339.481,130.986,2.01822,1.0122,5.32179,337.676,131.889,3.2796,2.11935,5.94995,337.45,135.161,2.93337,3.09163,5.64814,340.158,136.289,2.12872,4.29416,5.55583,341.963,135.161,2.28168,5.21523,6.43801,342.301,132.904,3.41088,6.12658,5.42543
1,-39.0791,-4.40898,470,317.142,133.468,24.6874,0.295517,6,319.85,131.55,3.2796,0.0499584,5.64814,316.916,130.084,2.97858,1.0839,5.42543,314.547,131.889,3.28929,2.32173,5.78727,314.886,135.161,3.03782,3.28349,5.98328,317.706,136.289,2.97858,4.31387,5.8147,320.075,134.484,2.94203,5.32705,5.86917
1,-188.041,-21.2151,474,333.953,133.355,25.0566,0.16485,6,333.727,130.084,2.42239,1.0839,5.42543,331.583,131.212,3.50475,2.11935,5.94995,331.358,134.709,3.79256,3.14159,5.35904,334.855,136.176,2.34767,4.29416,5.55583,336.773,134.822,2.94203,5.27571,6.33839,336.999,131.889,3.73677,6.23323,5.64814
1,-140.065,-15.8023,475,328.537,133.468,26.1067,0,6,331.132,131.099,2.72646,-0,5.35904,328.65,129.971,2.94203,1.15257,5.55583,326.168,131.55,3.28929,2.18546,5.86917,325.829,134.822,3.68359,3.09401,5.92986,329.101,136.514,2.44071,4.24874,5.67624,331.132,135.161,4.06158,5.26094,5.94995
1,-89.0211,-10.0435,476,322.783,133.13,24.5665,0,6,322.783,129.971,2.94203,1.05841,5.17783,320.301,131.55,3.27183,2.17308,5.47651,320.301,134.822,3.64538,3.19155,5.64814,323.686,136.176,2.09861,4.29416,5.55583,325.378,134.935,3.2796,5.27571,6.33839,325.604,131.663,3.28929,6.2356,5.92986
1,191.074,21.5573,480,291.193,132.227,24.1273,0.130646,6,293.562,130.084,3.03782,0.156602,5.42543,290.629,129.294,3.35064,1.29985,5.26921,288.26,131.663,2.57273,2.35619,5.58439,288.937,134.145,3.14285,3.43305,5.88947,291.87,135.273,2.80244,4.37571,5.97663,294.014,133.468,3.41461,5.39471,5.8147
1,144.2,16.2689,486,296.496,131.437,23.6055,0.307659,6,298.978,129.181,2.74739,0.197396,5.75281,296.383,128.278,3.207,1.26492,5.6199,293.901,130.309,2.84078,2.32173,5.78727,294.239,133.13,3.42577,3.29819,5.42543,297.511,134.145,2.79334,4.40651,5.6199,299.542,132.227,3.09798,5.36524,6.03623
1,45.468,5.12979,499,307.665,129.745,13.1679,1.13278,6,309.47,128.053,1.9279,0.0996687,5.66922,307.665,127.376,2.48464,1.2315,5.08481,305.747,128.955,2.15546,2.32395,6.18594,305.973,131.099,2.53535,3.24126,5.66922,308.342,132.001,1.67722,4.3415,5.44738,309.583,130.873,2.8228,5.39471,5.8147
1,94.3763,10.6477,500,302.137,130.309,18.3294,0.640457,6,304.168,128.504,2.92902,0.0996687,5.66922,301.347,127.714,2.39862,1.29985,5.26921,299.542,129.294,2.65551,2.32173,5.78727,300.106,131.889,2.68174,3.33899,5.75281,302.588,132.904,2.25644,4.39064,6.24354,304.393,131.55,3.05453,5.39471,5.8147
1,-5.4399,-0.613739,507,313.419,129.181,17.2347,0.799554,6,315.675,127.601,2.57521,0.0867383,6.51173,313.419,126.36,2.50505,1.10715,5.04554,311.388,127.827,2.82956,2.32173,5.78727,311.614,130.648,2.89185,3.24126,5.66922,314.322,131.663,2.31491,4.3415,5.44738,315.901,129.971,2.37998,5.46332,5.78727
1,225.663,25.4596,518,287.357,128.278,19.8632,0.144482,6,289.614,126.699,3.80596,0.207496,5.47651,285.89,125.909,2.16724,1.35213,5.20083,284.537,127.601,2.30112,2.46685,5.41809,284.988,129.858,3.53368,3.38657,5.8147,288.372,130.873,2.31491,4.42093,5.88947,290.065,129.294,2.63385,5.49779,5.58439
